DoctorId,SpecialityId,FirstName,LastName,Gender,BirthDate,Email,Phone,StreetAdress,City,State,SupervisorId
1,2,DoctorFirst1,DoctorLast1,F,1984-06-27,docemail1@example.com,987-654-0001,Doc Street Address,Doc City,Doc State,1
2,3,DoctorFirst2,DoctorLast2,M,1984-06-27,docemail2@example.com,987-654-0002,Doc Street Address,Doc City,Doc State,10
3,4,DoctorFirst3,DoctorLast3,F,1984-06-27,docemail3@example.com,987-654-0003,Doc Street Address,Doc City,Doc State,9
4,5,DoctorFirst4,DoctorLast4,M,1984-06-27,docemail4@example.com,987-654-0004,Doc Street Address,Doc City,Doc State,2
5,6,DoctorFirst5,DoctorLast5,F,1984-06-27,docemail5@example.com,987-654-0005,Doc Street Address,Doc City,Doc State,1
6,7,DoctorFirst6,DoctorLast6,M,1984-06-27,docemail6@example.com,987-654-0006,Doc Street Address,Doc City,Doc State,3
7,8,DoctorFirst7,DoctorLast7,F,1984-06-27,docemail7@example.com,987-654-0007,Doc Street Address,Doc City,Doc State,2
8,9,DoctorFirst8,DoctorLast8,M,1984-06-27,docemail8@example.com,987-654-0008,Doc Street Address,Doc City,Doc State,2
9,10,DoctorFirst9,DoctorLast9,F,1984-06-27,docemail9@example.com,987-654-0009,Doc Street Address,Doc City,Doc State,7
10,1,DoctorFirst10,DoctorLast10,M,1984-06-27,docemail10@example.com,987-654-0010,Doc Street Address,Doc City,Doc State,1
11,2,DoctorFirst11,DoctorLast11,F,1984-06-27,docemail11@example.com,987-654-0011,Doc Street Address,Doc City,Doc State,1
12,3,DoctorFirst12,DoctorLast12,M,1984-06-27,docemail12@example.com,987-654-0012,Doc Street Address,Doc City,Doc State,7
13,4,DoctorFirst13,DoctorLast13,F,1984-06-27,docemail13@example.com,987-654-0013,Doc Street Address,Doc City,Doc State,7
14,5,DoctorFirst14,DoctorLast14,M,1984-06-27,docemail14@example.com,987-654-0014,Doc Street Address,Doc City,Doc State,4
15,6,DoctorFirst15,DoctorLast15,F,1984-06-27,docemail15@example.com,987-654-0015,Doc Street Address,Doc City,Doc State,2
16,7,DoctorFirst16,DoctorLast16,M,1984-06-27,docemail16@example.com,987-654-0016,Doc Street Address,Doc City,Doc State,6
17,8,DoctorFirst17,DoctorLast17,F,1984-06-27,docemail17@example.com,987-654-0017,Doc Street Address,Doc City,Doc State,2
18,9,DoctorFirst18,DoctorLast18,M,1984-06-27,docemail18@example.com,987-654-0018,Doc Street Address,Doc City,Doc State,10
19,10,DoctorFirst19,DoctorLast19,F,1984-06-27,docemail19@example.com,987-654-0019,Doc Street Address,Doc City,Doc State,2
20,1,DoctorFirst20,DoctorLast20,M,1984-06-27,docemail20@example.com,987-654-0020,Doc Street Address,Doc City,Doc State,3
21,2,DoctorFirst21,DoctorLast21,F,1984-06-27,docemail21@example.com,987-654-0021,Doc Street Address,Doc City,Doc State,2
22,3,DoctorFirst22,DoctorLast22,M,1984-06-27,docemail22@example.com,987-654-0022,Doc Street Address,Doc City,Doc State,10
23,4,DoctorFirst23,DoctorLast23,F,1984-06-27,docemail23@example.com,987-654-0023,Doc Street Address,Doc City,Doc State,4
24,5,DoctorFirst24,DoctorLast24,M,1984-06-27,docemail24@example.com,987-654-0024,Doc Street Address,Doc City,Doc State,4
25,6,DoctorFirst25,DoctorLast25,F,1984-06-27,docemail25@example.com,987-654-0025,Doc Street Address,Doc City,Doc State,2
26,7,DoctorFirst26,DoctorLast26,M,1984-06-27,docemail26@example.com,987-654-0026,Doc Street Address,Doc City,Doc State,5
27,8,DoctorFirst27,DoctorLast27,F,1984-06-27,docemail27@example.com,987-654-0027,Doc Street Address,Doc City,Doc State,4
28,9,DoctorFirst28,DoctorLast28,M,1984-06-27,docemail28@example.com,987-654-0028,Doc Street Address,Doc City,Doc State,6
29,10,DoctorFirst29,DoctorLast29,F,1984-06-27,docemail29@example.com,987-654-0029,Doc Street Address,Doc City,Doc State,1
30,1,DoctorFirst30,DoctorLast30,M,1984-06-27,docemail30@example.com,987-654-0030,Doc Street Address,Doc City,Doc State,1
31,2,DoctorFirst31,DoctorLast31,F,1984-06-27,docemail31@example.com,987-654-0031,Doc Street Address,Doc City,Doc State,3
32,3,DoctorFirst32,DoctorLast32,M,1984-06-27,docemail32@example.com,987-654-0032,Doc Street Address,Doc City,Doc State,3
33,4,DoctorFirst33,DoctorLast33,F,1984-06-27,docemail33@example.com,987-654-0033,Doc Street Address,Doc City,Doc State,3
34,5,DoctorFirst34,DoctorLast34,M,1984-06-27,docemail34@example.com,987-654-0034,Doc Street Address,Doc City,Doc State,7
35,6,DoctorFirst35,DoctorLast35,F,1984-06-27,docemail35@example.com,987-654-0035,Doc Street Address,Doc City,Doc State,2
36,7,DoctorFirst36,DoctorLast36,M,1984-06-27,docemail36@example.com,987-654-0036,Doc Street Address,Doc City,Doc State,2
37,8,DoctorFirst37,DoctorLast37,F,1984-06-27,docemail37@example.com,987-654-0037,Doc Street Address,Doc City,Doc State,4
38,9,DoctorFirst38,DoctorLast38,M,1984-06-27,docemail38@example.com,987-654-0038,Doc Street Address,Doc City,Doc State,4
39,10,DoctorFirst39,DoctorLast39,F,1984-06-27,docemail39@example.com,987-654-0039,Doc Street Address,Doc City,Doc State,1
40,1,DoctorFirst40,DoctorLast40,M,1984-06-27,docemail40@example.com,987-654-0040,Doc Street Address,Doc City,Doc State,5
41,2,DoctorFirst41,DoctorLast41,F,1984-06-27,docemail41@example.com,987-654-0041,Doc Street Address,Doc City,Doc State,1
42,3,DoctorFirst42,DoctorLast42,M,1984-06-27,docemail42@example.com,987-654-0042,Doc Street Address,Doc City,Doc State,4
43,4,DoctorFirst43,DoctorLast43,F,1984-06-27,docemail43@example.com,987-654-0043,Doc Street Address,Doc City,Doc State,1
44,5,DoctorFirst44,DoctorLast44,M,1984-06-27,docemail44@example.com,987-654-0044,Doc Street Address,Doc City,Doc State,9
45,6,DoctorFirst45,DoctorLast45,F,1984-06-27,docemail45@example.com,987-654-0045,Doc Street Address,Doc City,Doc State,4
46,7,DoctorFirst46,DoctorLast46,M,1984-06-27,docemail46@example.com,987-654-0046,Doc Street Address,Doc City,Doc State,7
47,8,DoctorFirst47,DoctorLast47,F,1984-06-27,docemail47@example.com,987-654-0047,Doc Street Address,Doc City,Doc State,4
48,9,DoctorFirst48,DoctorLast48,M,1984-06-27,docemail48@example.com,987-654-0048,Doc Street Address,Doc City,Doc State,6
49,10,DoctorFirst49,DoctorLast49,F,1984-06-27,docemail49@example.com,987-654-0049,Doc Street Address,Doc City,Doc State,1
50,1,DoctorFirst50,DoctorLast50,M,1984-06-27,docemail50@example.com,987-654-0050,Doc Street Address,Doc City,Doc State,9
51,2,DoctorFirst51,DoctorLast51,F,1984-06-27,docemail51@example.com,987-654-0051,Doc Street Address,Doc City,Doc State,5
52,3,DoctorFirst52,DoctorLast52,M,1984-06-27,docemail52@example.com,987-654-0052,Doc Street Address,Doc City,Doc State,10
53,4,DoctorFirst53,DoctorLast53,F,1984-06-27,docemail53@example.com,987-654-0053,Doc Street Address,Doc City,Doc State,6
54,5,DoctorFirst54,DoctorLast54,M,1984-06-27,docemail54@example.com,987-654-0054,Doc Street Address,Doc City,Doc State,5
55,6,DoctorFirst55,DoctorLast55,F,1984-06-27,docemail55@example.com,987-654-0055,Doc Street Address,Doc City,Doc State,1
56,7,DoctorFirst56,DoctorLast56,M,1984-06-27,docemail56@example.com,987-654-0056,Doc Street Address,Doc City,Doc State,3
57,8,DoctorFirst57,DoctorLast57,F,1984-06-27,docemail57@example.com,987-654-0057,Doc Street Address,Doc City,Doc State,3
58,9,DoctorFirst58,DoctorLast58,M,1984-06-27,docemail58@example.com,987-654-0058,Doc Street Address,Doc City,Doc State,9
59,10,DoctorFirst59,DoctorLast59,F,1984-06-27,docemail59@example.com,987-654-0059,Doc Street Address,Doc City,Doc State,3
60,1,DoctorFirst60,DoctorLast60,M,1984-06-27,docemail60@example.com,987-654-0060,Doc Street Address,Doc City,Doc State,3
61,2,DoctorFirst61,DoctorLast61,F,1984-06-27,docemail61@example.com,987-654-0061,Doc Street Address,Doc City,Doc State,8
62,3,DoctorFirst62,DoctorLast62,M,1984-06-27,docemail62@example.com,987-654-0062,Doc Street Address,Doc City,Doc State,10
63,4,DoctorFirst63,DoctorLast63,F,1984-06-27,docemail63@example.com,987-654-0063,Doc Street Address,Doc City,Doc State,6
64,5,DoctorFirst64,DoctorLast64,M,1984-06-27,docemail64@example.com,987-654-0064,Doc Street Address,Doc City,Doc State,2
65,6,DoctorFirst65,DoctorLast65,F,1984-06-27,docemail65@example.com,987-654-0065,Doc Street Address,Doc City,Doc State,8
66,7,DoctorFirst66,DoctorLast66,M,1984-06-27,docemail66@example.com,987-654-0066,Doc Street Address,Doc City,Doc State,8
67,8,DoctorFirst67,DoctorLast67,F,1984-06-27,docemail67@example.com,987-654-0067,Doc Street Address,Doc City,Doc State,6
68,9,DoctorFirst68,DoctorLast68,M,1984-06-27,docemail68@example.com,987-654-0068,Doc Street Address,Doc City,Doc State,9
69,10,DoctorFirst69,DoctorLast69,F,1984-06-27,docemail69@example.com,987-654-0069,Doc Street Address,Doc City,Doc State,2
70,1,DoctorFirst70,DoctorLast70,M,1984-06-27,docemail70@example.com,987-654-0070,Doc Street Address,Doc City,Doc State,10
71,2,DoctorFirst71,DoctorLast71,F,1984-06-27,docemail71@example.com,987-654-0071,Doc Street Address,Doc City,Doc State,6
72,3,DoctorFirst72,DoctorLast72,M,1984-06-27,docemail72@example.com,987-654-0072,Doc Street Address,Doc City,Doc State,1
73,4,DoctorFirst73,DoctorLast73,F,1984-06-27,docemail73@example.com,987-654-0073,Doc Street Address,Doc City,Doc State,6
74,5,DoctorFirst74,DoctorLast74,M,1984-06-27,docemail74@example.com,987-654-0074,Doc Street Address,Doc City,Doc State,3
75,6,DoctorFirst75,DoctorLast75,F,1984-06-27,docemail75@example.com,987-654-0075,Doc Street Address,Doc City,Doc State,4
76,7,DoctorFirst76,DoctorLast76,M,1984-06-27,docemail76@example.com,987-654-0076,Doc Street Address,Doc City,Doc State,5
77,8,DoctorFirst77,DoctorLast77,F,1984-06-27,docemail77@example.com,987-654-0077,Doc Street Address,Doc City,Doc State,6
78,9,DoctorFirst78,DoctorLast78,M,1984-06-27,docemail78@example.com,987-654-0078,Doc Street Address,Doc City,Doc State,3
79,10,DoctorFirst79,DoctorLast79,F,1984-06-27,docemail79@example.com,987-654-0079,Doc Street Address,Doc City,Doc State,7
80,1,DoctorFirst80,DoctorLast80,M,1984-06-27,docemail80@example.com,987-654-0080,Doc Street Address,Doc City,Doc State,4
81,2,DoctorFirst81,DoctorLast81,F,1984-06-27,docemail81@example.com,987-654-0081,Doc Street Address,Doc City,Doc State,6
82,3,DoctorFirst82,DoctorLast82,M,1984-06-27,docemail82@example.com,987-654-0082,Doc Street Address,Doc City,Doc State,5
83,4,DoctorFirst83,DoctorLast83,F,1984-06-27,docemail83@example.com,987-654-0083,Doc Street Address,Doc City,Doc State,9
84,5,DoctorFirst84,DoctorLast84,M,1984-06-27,docemail84@example.com,987-654-0084,Doc Street Address,Doc City,Doc State,8
85,6,DoctorFirst85,DoctorLast85,F,1984-06-27,docemail85@example.com,987-654-0085,Doc Street Address,Doc City,Doc State,1
86,7,DoctorFirst86,DoctorLast86,M,1984-06-27,docemail86@example.com,987-654-0086,Doc Street Address,Doc City,Doc State,3
87,8,DoctorFirst87,DoctorLast87,F,1984-06-27,docemail87@example.com,987-654-0087,Doc Street Address,Doc City,Doc State,5
88,9,DoctorFirst88,DoctorLast88,M,1984-06-27,docemail88@example.com,987-654-0088,Doc Street Address,Doc City,Doc State,10
89,10,DoctorFirst89,DoctorLast89,F,1984-06-27,docemail89@example.com,987-654-0089,Doc Street Address,Doc City,Doc State,7
90,1,DoctorFirst90,DoctorLast90,M,1984-06-27,docemail90@example.com,987-654-0090,Doc Street Address,Doc City,Doc State,4
91,2,DoctorFirst91,DoctorLast91,F,1984-06-27,docemail91@example.com,987-654-0091,Doc Street Address,Doc City,Doc State,2
92,3,DoctorFirst92,DoctorLast92,M,1984-06-27,docemail92@example.com,987-654-0092,Doc Street Address,Doc City,Doc State,1
93,4,DoctorFirst93,DoctorLast93,F,1984-06-27,docemail93@example.com,987-654-0093,Doc Street Address,Doc City,Doc State,2
94,5,DoctorFirst94,DoctorLast94,M,1984-06-27,docemail94@example.com,987-654-0094,Doc Street Address,Doc City,Doc State,10
95,6,DoctorFirst95,DoctorLast95,F,1984-06-27,docemail95@example.com,987-654-0095,Doc Street Address,Doc City,Doc State,7
96,7,DoctorFirst96,DoctorLast96,M,1984-06-27,docemail96@example.com,987-654-0096,Doc Street Address,Doc City,Doc State,8
97,8,DoctorFirst97,DoctorLast97,F,1984-06-27,docemail97@example.com,987-654-0097,Doc Street Address,Doc City,Doc State,4
98,9,DoctorFirst98,DoctorLast98,M,1984-06-27,docemail98@example.com,987-654-0098,Doc Street Address,Doc City,Doc State,10
99,10,DoctorFirst99,DoctorLast99,F,1984-06-27,docemail99@example.com,987-654-0099,Doc Street Address,Doc City,Doc State,7
100,1,DoctorFirst100,DoctorLast100,M,1984-06-27,docemail100@example.com,987-654-0100,Doc Street Address,Doc City,Doc State,4
