MedicineId,medicineName,Description,SideEffects,expiryDate,Form,Dosage,ManufacturerName,Price
1,Medicine 1,Description,SideEffects,2025-01-01,Form,Dosage,Manufacturer,21
2,Medicine 2,Description,SideEffects,2025-01-01,Form,Dosage,Manufacturer,22
3,Medicine 3,Description,SideEffects,2025-01-01,Form,Dosage,Manufacturer,23
4,Medicine 4,Description,SideEffects,2025-01-01,Form,Dosage,Manufacturer,24
5,Medicine 5,Description,SideEffects,2025-01-01,Form,Dosage,Manufacturer,25
6,Medicine 6,Description,SideEffects,2025-01-01,Form,Dosage,Manufacturer,26
7,Medicine 7,Description,SideEffects,2025-01-01,Form,Dosage,Manufacturer,27
8,Medicine 8,Description,SideEffects,2025-01-01,Form,Dosage,Manufacturer,28
9,Medicine 9,Description,SideEffects,2025-01-01,Form,Dosage,Manufacturer,29
10,Medicine 10,Description,SideEffects,2025-01-01,Form,Dosage,Manufacturer,30
11,Medicine 11,Description,SideEffects,2025-01-01,Form,Dosage,Manufacturer,31
12,Medicine 12,Description,SideEffects,2025-01-01,Form,Dosage,Manufacturer,32
13,Medicine 13,Description,SideEffects,2025-01-01,Form,Dosage,Manufacturer,33
14,Medicine 14,Description,SideEffects,2025-01-01,Form,Dosage,Manufacturer,34
15,Medicine 15,Description,SideEffects,2025-01-01,Form,Dosage,Manufacturer,35
16,Medicine 16,Description,SideEffects,2025-01-01,Form,Dosage,Manufacturer,36
17,Medicine 17,Description,SideEffects,2025-01-01,Form,Dosage,Manufacturer,37
18,Medicine 18,Description,SideEffects,2025-01-01,Form,Dosage,Manufacturer,38
19,Medicine 19,Description,SideEffects,2025-01-01,Form,Dosage,Manufacturer,39
20,Medicine 20,Description,SideEffects,2025-01-01,Form,Dosage,Manufacturer,40
21,Medicine 21,Description,SideEffects,2025-01-01,Form,Dosage,Manufacturer,41
22,Medicine 22,Description,SideEffects,2025-01-01,Form,Dosage,Manufacturer,42
23,Medicine 23,Description,SideEffects,2025-01-01,Form,Dosage,Manufacturer,43
24,Medicine 24,Description,SideEffects,2025-01-01,Form,Dosage,Manufacturer,44
25,Medicine 25,Description,SideEffects,2025-01-01,Form,Dosage,Manufacturer,45
26,Medicine 26,Description,SideEffects,2025-01-01,Form,Dosage,Manufacturer,46
27,Medicine 27,Description,SideEffects,2025-01-01,Form,Dosage,Manufacturer,47
28,Medicine 28,Description,SideEffects,2025-01-01,Form,Dosage,Manufacturer,48
29,Medicine 29,Description,SideEffects,2025-01-01,Form,Dosage,Manufacturer,49
30,Medicine 30,Description,SideEffects,2025-01-01,Form,Dosage,Manufacturer,50
31,Medicine 31,Description,SideEffects,2025-01-01,Form,Dosage,Manufacturer,51
32,Medicine 32,Description,SideEffects,2025-01-01,Form,Dosage,Manufacturer,52
33,Medicine 33,Description,SideEffects,2025-01-01,Form,Dosage,Manufacturer,53
34,Medicine 34,Description,SideEffects,2025-01-01,Form,Dosage,Manufacturer,54
35,Medicine 35,Description,SideEffects,2025-01-01,Form,Dosage,Manufacturer,55
36,Medicine 36,Description,SideEffects,2025-01-01,Form,Dosage,Manufacturer,56
37,Medicine 37,Description,SideEffects,2025-01-01,Form,Dosage,Manufacturer,57
38,Medicine 38,Description,SideEffects,2025-01-01,Form,Dosage,Manufacturer,58
39,Medicine 39,Description,SideEffects,2025-01-01,Form,Dosage,Manufacturer,59
40,Medicine 40,Description,SideEffects,2025-01-01,Form,Dosage,Manufacturer,60
41,Medicine 41,Description,SideEffects,2025-01-01,Form,Dosage,Manufacturer,61
42,Medicine 42,Description,SideEffects,2025-01-01,Form,Dosage,Manufacturer,62
43,Medicine 43,Description,SideEffects,2025-01-01,Form,Dosage,Manufacturer,63
44,Medicine 44,Description,SideEffects,2025-01-01,Form,Dosage,Manufacturer,64
45,Medicine 45,Description,SideEffects,2025-01-01,Form,Dosage,Manufacturer,65
46,Medicine 46,Description,SideEffects,2025-01-01,Form,Dosage,Manufacturer,66
47,Medicine 47,Description,SideEffects,2025-01-01,Form,Dosage,Manufacturer,67
48,Medicine 48,Description,SideEffects,2025-01-01,Form,Dosage,Manufacturer,68
49,Medicine 49,Description,SideEffects,2025-01-01,Form,Dosage,Manufacturer,69
50,Medicine 50,Description,SideEffects,2025-01-01,Form,Dosage,Manufacturer,70
51,Medicine 51,Description,SideEffects,2025-01-01,Form,Dosage,Manufacturer,71
52,Medicine 52,Description,SideEffects,2025-01-01,Form,Dosage,Manufacturer,72
53,Medicine 53,Description,SideEffects,2025-01-01,Form,Dosage,Manufacturer,73
54,Medicine 54,Description,SideEffects,2025-01-01,Form,Dosage,Manufacturer,74
55,Medicine 55,Description,SideEffects,2025-01-01,Form,Dosage,Manufacturer,75
56,Medicine 56,Description,SideEffects,2025-01-01,Form,Dosage,Manufacturer,76
57,Medicine 57,Description,SideEffects,2025-01-01,Form,Dosage,Manufacturer,77
58,Medicine 58,Description,SideEffects,2025-01-01,Form,Dosage,Manufacturer,78
59,Medicine 59,Description,SideEffects,2025-01-01,Form,Dosage,Manufacturer,79
60,Medicine 60,Description,SideEffects,2025-01-01,Form,Dosage,Manufacturer,80
61,Medicine 61,Description,SideEffects,2025-01-01,Form,Dosage,Manufacturer,81
62,Medicine 62,Description,SideEffects,2025-01-01,Form,Dosage,Manufacturer,82
63,Medicine 63,Description,SideEffects,2025-01-01,Form,Dosage,Manufacturer,83
64,Medicine 64,Description,SideEffects,2025-01-01,Form,Dosage,Manufacturer,84
65,Medicine 65,Description,SideEffects,2025-01-01,Form,Dosage,Manufacturer,85
66,Medicine 66,Description,SideEffects,2025-01-01,Form,Dosage,Manufacturer,86
67,Medicine 67,Description,SideEffects,2025-01-01,Form,Dosage,Manufacturer,87
68,Medicine 68,Description,SideEffects,2025-01-01,Form,Dosage,Manufacturer,88
69,Medicine 69,Description,SideEffects,2025-01-01,Form,Dosage,Manufacturer,89
70,Medicine 70,Description,SideEffects,2025-01-01,Form,Dosage,Manufacturer,90
71,Medicine 71,Description,SideEffects,2025-01-01,Form,Dosage,Manufacturer,91
72,Medicine 72,Description,SideEffects,2025-01-01,Form,Dosage,Manufacturer,92
73,Medicine 73,Description,SideEffects,2025-01-01,Form,Dosage,Manufacturer,93
74,Medicine 74,Description,SideEffects,2025-01-01,Form,Dosage,Manufacturer,94
75,Medicine 75,Description,SideEffects,2025-01-01,Form,Dosage,Manufacturer,95
76,Medicine 76,Description,SideEffects,2025-01-01,Form,Dosage,Manufacturer,96
77,Medicine 77,Description,SideEffects,2025-01-01,Form,Dosage,Manufacturer,97
78,Medicine 78,Description,SideEffects,2025-01-01,Form,Dosage,Manufacturer,98
79,Medicine 79,Description,SideEffects,2025-01-01,Form,Dosage,Manufacturer,99
80,Medicine 80,Description,SideEffects,2025-01-01,Form,Dosage,Manufacturer,100
81,Medicine 81,Description,SideEffects,2025-01-01,Form,Dosage,Manufacturer,101
82,Medicine 82,Description,SideEffects,2025-01-01,Form,Dosage,Manufacturer,102
83,Medicine 83,Description,SideEffects,2025-01-01,Form,Dosage,Manufacturer,103
84,Medicine 84,Description,SideEffects,2025-01-01,Form,Dosage,Manufacturer,104
85,Medicine 85,Description,SideEffects,2025-01-01,Form,Dosage,Manufacturer,105
86,Medicine 86,Description,SideEffects,2025-01-01,Form,Dosage,Manufacturer,106
87,Medicine 87,Description,SideEffects,2025-01-01,Form,Dosage,Manufacturer,107
88,Medicine 88,Description,SideEffects,2025-01-01,Form,Dosage,Manufacturer,108
89,Medicine 89,Description,SideEffects,2025-01-01,Form,Dosage,Manufacturer,109
90,Medicine 90,Description,SideEffects,2025-01-01,Form,Dosage,Manufacturer,110
91,Medicine 91,Description,SideEffects,2025-01-01,Form,Dosage,Manufacturer,111
92,Medicine 92,Description,SideEffects,2025-01-01,Form,Dosage,Manufacturer,112
93,Medicine 93,Description,SideEffects,2025-01-01,Form,Dosage,Manufacturer,113
94,Medicine 94,Description,SideEffects,2025-01-01,Form,Dosage,Manufacturer,114
95,Medicine 95,Description,SideEffects,2025-01-01,Form,Dosage,Manufacturer,115
96,Medicine 96,Description,SideEffects,2025-01-01,Form,Dosage,Manufacturer,116
97,Medicine 97,Description,SideEffects,2025-01-01,Form,Dosage,Manufacturer,117
98,Medicine 98,Description,SideEffects,2025-01-01,Form,Dosage,Manufacturer,118
99,Medicine 99,Description,SideEffects,2025-01-01,Form,Dosage,Manufacturer,119
100,Medicine 100,Description,SideEffects,2025-01-01,Form,Dosage,Manufacturer,120
101,Medicine 101,Description,SideEffects,2025-01-01,Form,Dosage,Manufacturer,121
102,Medicine 102,Description,SideEffects,2025-01-01,Form,Dosage,Manufacturer,122
103,Medicine 103,Description,SideEffects,2025-01-01,Form,Dosage,Manufacturer,123
104,Medicine 104,Description,SideEffects,2025-01-01,Form,Dosage,Manufacturer,124
105,Medicine 105,Description,SideEffects,2025-01-01,Form,Dosage,Manufacturer,125
106,Medicine 106,Description,SideEffects,2025-01-01,Form,Dosage,Manufacturer,126
107,Medicine 107,Description,SideEffects,2025-01-01,Form,Dosage,Manufacturer,127
108,Medicine 108,Description,SideEffects,2025-01-01,Form,Dosage,Manufacturer,128
109,Medicine 109,Description,SideEffects,2025-01-01,Form,Dosage,Manufacturer,129
110,Medicine 110,Description,SideEffects,2025-01-01,Form,Dosage,Manufacturer,130
111,Medicine 111,Description,SideEffects,2025-01-01,Form,Dosage,Manufacturer,131
112,Medicine 112,Description,SideEffects,2025-01-01,Form,Dosage,Manufacturer,132
113,Medicine 113,Description,SideEffects,2025-01-01,Form,Dosage,Manufacturer,133
114,Medicine 114,Description,SideEffects,2025-01-01,Form,Dosage,Manufacturer,134
115,Medicine 115,Description,SideEffects,2025-01-01,Form,Dosage,Manufacturer,135
116,Medicine 116,Description,SideEffects,2025-01-01,Form,Dosage,Manufacturer,136
117,Medicine 117,Description,SideEffects,2025-01-01,Form,Dosage,Manufacturer,137
118,Medicine 118,Description,SideEffects,2025-01-01,Form,Dosage,Manufacturer,138
119,Medicine 119,Description,SideEffects,2025-01-01,Form,Dosage,Manufacturer,139
120,Medicine 120,Description,SideEffects,2025-01-01,Form,Dosage,Manufacturer,140
121,Medicine 121,Description,SideEffects,2025-01-01,Form,Dosage,Manufacturer,141
122,Medicine 122,Description,SideEffects,2025-01-01,Form,Dosage,Manufacturer,142
123,Medicine 123,Description,SideEffects,2025-01-01,Form,Dosage,Manufacturer,143
124,Medicine 124,Description,SideEffects,2025-01-01,Form,Dosage,Manufacturer,144
125,Medicine 125,Description,SideEffects,2025-01-01,Form,Dosage,Manufacturer,145
126,Medicine 126,Description,SideEffects,2025-01-01,Form,Dosage,Manufacturer,146
127,Medicine 127,Description,SideEffects,2025-01-01,Form,Dosage,Manufacturer,147
128,Medicine 128,Description,SideEffects,2025-01-01,Form,Dosage,Manufacturer,148
129,Medicine 129,Description,SideEffects,2025-01-01,Form,Dosage,Manufacturer,149
130,Medicine 130,Description,SideEffects,2025-01-01,Form,Dosage,Manufacturer,150
131,Medicine 131,Description,SideEffects,2025-01-01,Form,Dosage,Manufacturer,151
132,Medicine 132,Description,SideEffects,2025-01-01,Form,Dosage,Manufacturer,152
133,Medicine 133,Description,SideEffects,2025-01-01,Form,Dosage,Manufacturer,153
134,Medicine 134,Description,SideEffects,2025-01-01,Form,Dosage,Manufacturer,154
135,Medicine 135,Description,SideEffects,2025-01-01,Form,Dosage,Manufacturer,155
136,Medicine 136,Description,SideEffects,2025-01-01,Form,Dosage,Manufacturer,156
137,Medicine 137,Description,SideEffects,2025-01-01,Form,Dosage,Manufacturer,157
138,Medicine 138,Description,SideEffects,2025-01-01,Form,Dosage,Manufacturer,158
139,Medicine 139,Description,SideEffects,2025-01-01,Form,Dosage,Manufacturer,159
140,Medicine 140,Description,SideEffects,2025-01-01,Form,Dosage,Manufacturer,160
141,Medicine 141,Description,SideEffects,2025-01-01,Form,Dosage,Manufacturer,161
142,Medicine 142,Description,SideEffects,2025-01-01,Form,Dosage,Manufacturer,162
143,Medicine 143,Description,SideEffects,2025-01-01,Form,Dosage,Manufacturer,163
144,Medicine 144,Description,SideEffects,2025-01-01,Form,Dosage,Manufacturer,164
145,Medicine 145,Description,SideEffects,2025-01-01,Form,Dosage,Manufacturer,165
146,Medicine 146,Description,SideEffects,2025-01-01,Form,Dosage,Manufacturer,166
147,Medicine 147,Description,SideEffects,2025-01-01,Form,Dosage,Manufacturer,167
148,Medicine 148,Description,SideEffects,2025-01-01,Form,Dosage,Manufacturer,168
149,Medicine 149,Description,SideEffects,2025-01-01,Form,Dosage,Manufacturer,169
150,Medicine 150,Description,SideEffects,2025-01-01,Form,Dosage,Manufacturer,170
151,Medicine 151,Description,SideEffects,2025-01-01,Form,Dosage,Manufacturer,171
152,Medicine 152,Description,SideEffects,2025-01-01,Form,Dosage,Manufacturer,172
153,Medicine 153,Description,SideEffects,2025-01-01,Form,Dosage,Manufacturer,173
154,Medicine 154,Description,SideEffects,2025-01-01,Form,Dosage,Manufacturer,174
155,Medicine 155,Description,SideEffects,2025-01-01,Form,Dosage,Manufacturer,175
156,Medicine 156,Description,SideEffects,2025-01-01,Form,Dosage,Manufacturer,176
157,Medicine 157,Description,SideEffects,2025-01-01,Form,Dosage,Manufacturer,177
158,Medicine 158,Description,SideEffects,2025-01-01,Form,Dosage,Manufacturer,178
159,Medicine 159,Description,SideEffects,2025-01-01,Form,Dosage,Manufacturer,179
160,Medicine 160,Description,SideEffects,2025-01-01,Form,Dosage,Manufacturer,180
161,Medicine 161,Description,SideEffects,2025-01-01,Form,Dosage,Manufacturer,181
162,Medicine 162,Description,SideEffects,2025-01-01,Form,Dosage,Manufacturer,182
163,Medicine 163,Description,SideEffects,2025-01-01,Form,Dosage,Manufacturer,183
164,Medicine 164,Description,SideEffects,2025-01-01,Form,Dosage,Manufacturer,184
165,Medicine 165,Description,SideEffects,2025-01-01,Form,Dosage,Manufacturer,185
166,Medicine 166,Description,SideEffects,2025-01-01,Form,Dosage,Manufacturer,186
167,Medicine 167,Description,SideEffects,2025-01-01,Form,Dosage,Manufacturer,187
168,Medicine 168,Description,SideEffects,2025-01-01,Form,Dosage,Manufacturer,188
169,Medicine 169,Description,SideEffects,2025-01-01,Form,Dosage,Manufacturer,189
170,Medicine 170,Description,SideEffects,2025-01-01,Form,Dosage,Manufacturer,190
171,Medicine 171,Description,SideEffects,2025-01-01,Form,Dosage,Manufacturer,191
172,Medicine 172,Description,SideEffects,2025-01-01,Form,Dosage,Manufacturer,192
173,Medicine 173,Description,SideEffects,2025-01-01,Form,Dosage,Manufacturer,193
174,Medicine 174,Description,SideEffects,2025-01-01,Form,Dosage,Manufacturer,194
175,Medicine 175,Description,SideEffects,2025-01-01,Form,Dosage,Manufacturer,195
176,Medicine 176,Description,SideEffects,2025-01-01,Form,Dosage,Manufacturer,196
177,Medicine 177,Description,SideEffects,2025-01-01,Form,Dosage,Manufacturer,197
178,Medicine 178,Description,SideEffects,2025-01-01,Form,Dosage,Manufacturer,198
179,Medicine 179,Description,SideEffects,2025-01-01,Form,Dosage,Manufacturer,199
180,Medicine 180,Description,SideEffects,2025-01-01,Form,Dosage,Manufacturer,200
181,Medicine 181,Description,SideEffects,2025-01-01,Form,Dosage,Manufacturer,201
182,Medicine 182,Description,SideEffects,2025-01-01,Form,Dosage,Manufacturer,202
183,Medicine 183,Description,SideEffects,2025-01-01,Form,Dosage,Manufacturer,203
184,Medicine 184,Description,SideEffects,2025-01-01,Form,Dosage,Manufacturer,204
185,Medicine 185,Description,SideEffects,2025-01-01,Form,Dosage,Manufacturer,205
186,Medicine 186,Description,SideEffects,2025-01-01,Form,Dosage,Manufacturer,206
187,Medicine 187,Description,SideEffects,2025-01-01,Form,Dosage,Manufacturer,207
188,Medicine 188,Description,SideEffects,2025-01-01,Form,Dosage,Manufacturer,208
189,Medicine 189,Description,SideEffects,2025-01-01,Form,Dosage,Manufacturer,209
190,Medicine 190,Description,SideEffects,2025-01-01,Form,Dosage,Manufacturer,210
191,Medicine 191,Description,SideEffects,2025-01-01,Form,Dosage,Manufacturer,211
192,Medicine 192,Description,SideEffects,2025-01-01,Form,Dosage,Manufacturer,212
193,Medicine 193,Description,SideEffects,2025-01-01,Form,Dosage,Manufacturer,213
194,Medicine 194,Description,SideEffects,2025-01-01,Form,Dosage,Manufacturer,214
195,Medicine 195,Description,SideEffects,2025-01-01,Form,Dosage,Manufacturer,215
196,Medicine 196,Description,SideEffects,2025-01-01,Form,Dosage,Manufacturer,216
197,Medicine 197,Description,SideEffects,2025-01-01,Form,Dosage,Manufacturer,217
198,Medicine 198,Description,SideEffects,2025-01-01,Form,Dosage,Manufacturer,218
199,Medicine 199,Description,SideEffects,2025-01-01,Form,Dosage,Manufacturer,219
200,Medicine 200,Description,SideEffects,2025-01-01,Form,Dosage,Manufacturer,220
201,Medicine 201,Description,SideEffects,2025-01-01,Form,Dosage,Manufacturer,221
202,Medicine 202,Description,SideEffects,2025-01-01,Form,Dosage,Manufacturer,222
203,Medicine 203,Description,SideEffects,2025-01-01,Form,Dosage,Manufacturer,223
204,Medicine 204,Description,SideEffects,2025-01-01,Form,Dosage,Manufacturer,224
205,Medicine 205,Description,SideEffects,2025-01-01,Form,Dosage,Manufacturer,225
206,Medicine 206,Description,SideEffects,2025-01-01,Form,Dosage,Manufacturer,226
207,Medicine 207,Description,SideEffects,2025-01-01,Form,Dosage,Manufacturer,227
208,Medicine 208,Description,SideEffects,2025-01-01,Form,Dosage,Manufacturer,228
209,Medicine 209,Description,SideEffects,2025-01-01,Form,Dosage,Manufacturer,229
210,Medicine 210,Description,SideEffects,2025-01-01,Form,Dosage,Manufacturer,230
211,Medicine 211,Description,SideEffects,2025-01-01,Form,Dosage,Manufacturer,231
212,Medicine 212,Description,SideEffects,2025-01-01,Form,Dosage,Manufacturer,232
213,Medicine 213,Description,SideEffects,2025-01-01,Form,Dosage,Manufacturer,233
214,Medicine 214,Description,SideEffects,2025-01-01,Form,Dosage,Manufacturer,234
215,Medicine 215,Description,SideEffects,2025-01-01,Form,Dosage,Manufacturer,235
216,Medicine 216,Description,SideEffects,2025-01-01,Form,Dosage,Manufacturer,236
217,Medicine 217,Description,SideEffects,2025-01-01,Form,Dosage,Manufacturer,237
218,Medicine 218,Description,SideEffects,2025-01-01,Form,Dosage,Manufacturer,238
219,Medicine 219,Description,SideEffects,2025-01-01,Form,Dosage,Manufacturer,239
220,Medicine 220,Description,SideEffects,2025-01-01,Form,Dosage,Manufacturer,240
221,Medicine 221,Description,SideEffects,2025-01-01,Form,Dosage,Manufacturer,241
222,Medicine 222,Description,SideEffects,2025-01-01,Form,Dosage,Manufacturer,242
223,Medicine 223,Description,SideEffects,2025-01-01,Form,Dosage,Manufacturer,243
224,Medicine 224,Description,SideEffects,2025-01-01,Form,Dosage,Manufacturer,244
225,Medicine 225,Description,SideEffects,2025-01-01,Form,Dosage,Manufacturer,245
226,Medicine 226,Description,SideEffects,2025-01-01,Form,Dosage,Manufacturer,246
227,Medicine 227,Description,SideEffects,2025-01-01,Form,Dosage,Manufacturer,247
228,Medicine 228,Description,SideEffects,2025-01-01,Form,Dosage,Manufacturer,248
229,Medicine 229,Description,SideEffects,2025-01-01,Form,Dosage,Manufacturer,249
230,Medicine 230,Description,SideEffects,2025-01-01,Form,Dosage,Manufacturer,250
231,Medicine 231,Description,SideEffects,2025-01-01,Form,Dosage,Manufacturer,251
232,Medicine 232,Description,SideEffects,2025-01-01,Form,Dosage,Manufacturer,252
233,Medicine 233,Description,SideEffects,2025-01-01,Form,Dosage,Manufacturer,253
234,Medicine 234,Description,SideEffects,2025-01-01,Form,Dosage,Manufacturer,254
235,Medicine 235,Description,SideEffects,2025-01-01,Form,Dosage,Manufacturer,255
236,Medicine 236,Description,SideEffects,2025-01-01,Form,Dosage,Manufacturer,256
237,Medicine 237,Description,SideEffects,2025-01-01,Form,Dosage,Manufacturer,257
238,Medicine 238,Description,SideEffects,2025-01-01,Form,Dosage,Manufacturer,258
239,Medicine 239,Description,SideEffects,2025-01-01,Form,Dosage,Manufacturer,259
240,Medicine 240,Description,SideEffects,2025-01-01,Form,Dosage,Manufacturer,260
241,Medicine 241,Description,SideEffects,2025-01-01,Form,Dosage,Manufacturer,261
242,Medicine 242,Description,SideEffects,2025-01-01,Form,Dosage,Manufacturer,262
243,Medicine 243,Description,SideEffects,2025-01-01,Form,Dosage,Manufacturer,263
244,Medicine 244,Description,SideEffects,2025-01-01,Form,Dosage,Manufacturer,264
245,Medicine 245,Description,SideEffects,2025-01-01,Form,Dosage,Manufacturer,265
246,Medicine 246,Description,SideEffects,2025-01-01,Form,Dosage,Manufacturer,266
247,Medicine 247,Description,SideEffects,2025-01-01,Form,Dosage,Manufacturer,267
248,Medicine 248,Description,SideEffects,2025-01-01,Form,Dosage,Manufacturer,268
249,Medicine 249,Description,SideEffects,2025-01-01,Form,Dosage,Manufacturer,269
250,Medicine 250,Description,SideEffects,2025-01-01,Form,Dosage,Manufacturer,270
251,Medicine 251,Description,SideEffects,2025-01-01,Form,Dosage,Manufacturer,271
252,Medicine 252,Description,SideEffects,2025-01-01,Form,Dosage,Manufacturer,272
253,Medicine 253,Description,SideEffects,2025-01-01,Form,Dosage,Manufacturer,273
254,Medicine 254,Description,SideEffects,2025-01-01,Form,Dosage,Manufacturer,274
255,Medicine 255,Description,SideEffects,2025-01-01,Form,Dosage,Manufacturer,275
256,Medicine 256,Description,SideEffects,2025-01-01,Form,Dosage,Manufacturer,276
257,Medicine 257,Description,SideEffects,2025-01-01,Form,Dosage,Manufacturer,277
258,Medicine 258,Description,SideEffects,2025-01-01,Form,Dosage,Manufacturer,278
259,Medicine 259,Description,SideEffects,2025-01-01,Form,Dosage,Manufacturer,279
260,Medicine 260,Description,SideEffects,2025-01-01,Form,Dosage,Manufacturer,280
261,Medicine 261,Description,SideEffects,2025-01-01,Form,Dosage,Manufacturer,281
262,Medicine 262,Description,SideEffects,2025-01-01,Form,Dosage,Manufacturer,282
263,Medicine 263,Description,SideEffects,2025-01-01,Form,Dosage,Manufacturer,283
264,Medicine 264,Description,SideEffects,2025-01-01,Form,Dosage,Manufacturer,284
265,Medicine 265,Description,SideEffects,2025-01-01,Form,Dosage,Manufacturer,285
266,Medicine 266,Description,SideEffects,2025-01-01,Form,Dosage,Manufacturer,286
267,Medicine 267,Description,SideEffects,2025-01-01,Form,Dosage,Manufacturer,287
268,Medicine 268,Description,SideEffects,2025-01-01,Form,Dosage,Manufacturer,288
269,Medicine 269,Description,SideEffects,2025-01-01,Form,Dosage,Manufacturer,289
270,Medicine 270,Description,SideEffects,2025-01-01,Form,Dosage,Manufacturer,290
271,Medicine 271,Description,SideEffects,2025-01-01,Form,Dosage,Manufacturer,291
272,Medicine 272,Description,SideEffects,2025-01-01,Form,Dosage,Manufacturer,292
273,Medicine 273,Description,SideEffects,2025-01-01,Form,Dosage,Manufacturer,293
274,Medicine 274,Description,SideEffects,2025-01-01,Form,Dosage,Manufacturer,294
275,Medicine 275,Description,SideEffects,2025-01-01,Form,Dosage,Manufacturer,295
276,Medicine 276,Description,SideEffects,2025-01-01,Form,Dosage,Manufacturer,296
277,Medicine 277,Description,SideEffects,2025-01-01,Form,Dosage,Manufacturer,297
278,Medicine 278,Description,SideEffects,2025-01-01,Form,Dosage,Manufacturer,298
279,Medicine 279,Description,SideEffects,2025-01-01,Form,Dosage,Manufacturer,299
280,Medicine 280,Description,SideEffects,2025-01-01,Form,Dosage,Manufacturer,300
281,Medicine 281,Description,SideEffects,2025-01-01,Form,Dosage,Manufacturer,301
282,Medicine 282,Description,SideEffects,2025-01-01,Form,Dosage,Manufacturer,302
283,Medicine 283,Description,SideEffects,2025-01-01,Form,Dosage,Manufacturer,303
284,Medicine 284,Description,SideEffects,2025-01-01,Form,Dosage,Manufacturer,304
285,Medicine 285,Description,SideEffects,2025-01-01,Form,Dosage,Manufacturer,305
286,Medicine 286,Description,SideEffects,2025-01-01,Form,Dosage,Manufacturer,306
287,Medicine 287,Description,SideEffects,2025-01-01,Form,Dosage,Manufacturer,307
288,Medicine 288,Description,SideEffects,2025-01-01,Form,Dosage,Manufacturer,308
289,Medicine 289,Description,SideEffects,2025-01-01,Form,Dosage,Manufacturer,309
290,Medicine 290,Description,SideEffects,2025-01-01,Form,Dosage,Manufacturer,310
291,Medicine 291,Description,SideEffects,2025-01-01,Form,Dosage,Manufacturer,311
292,Medicine 292,Description,SideEffects,2025-01-01,Form,Dosage,Manufacturer,312
293,Medicine 293,Description,SideEffects,2025-01-01,Form,Dosage,Manufacturer,313
294,Medicine 294,Description,SideEffects,2025-01-01,Form,Dosage,Manufacturer,314
295,Medicine 295,Description,SideEffects,2025-01-01,Form,Dosage,Manufacturer,315
296,Medicine 296,Description,SideEffects,2025-01-01,Form,Dosage,Manufacturer,316
297,Medicine 297,Description,SideEffects,2025-01-01,Form,Dosage,Manufacturer,317
298,Medicine 298,Description,SideEffects,2025-01-01,Form,Dosage,Manufacturer,318
299,Medicine 299,Description,SideEffects,2025-01-01,Form,Dosage,Manufacturer,319
300,Medicine 300,Description,SideEffects,2025-01-01,Form,Dosage,Manufacturer,320
301,Medicine 301,Description,SideEffects,2025-01-01,Form,Dosage,Manufacturer,321
302,Medicine 302,Description,SideEffects,2025-01-01,Form,Dosage,Manufacturer,322
303,Medicine 303,Description,SideEffects,2025-01-01,Form,Dosage,Manufacturer,323
304,Medicine 304,Description,SideEffects,2025-01-01,Form,Dosage,Manufacturer,324
305,Medicine 305,Description,SideEffects,2025-01-01,Form,Dosage,Manufacturer,325
306,Medicine 306,Description,SideEffects,2025-01-01,Form,Dosage,Manufacturer,326
307,Medicine 307,Description,SideEffects,2025-01-01,Form,Dosage,Manufacturer,327
308,Medicine 308,Description,SideEffects,2025-01-01,Form,Dosage,Manufacturer,328
309,Medicine 309,Description,SideEffects,2025-01-01,Form,Dosage,Manufacturer,329
310,Medicine 310,Description,SideEffects,2025-01-01,Form,Dosage,Manufacturer,330
311,Medicine 311,Description,SideEffects,2025-01-01,Form,Dosage,Manufacturer,331
312,Medicine 312,Description,SideEffects,2025-01-01,Form,Dosage,Manufacturer,332
313,Medicine 313,Description,SideEffects,2025-01-01,Form,Dosage,Manufacturer,333
314,Medicine 314,Description,SideEffects,2025-01-01,Form,Dosage,Manufacturer,334
315,Medicine 315,Description,SideEffects,2025-01-01,Form,Dosage,Manufacturer,335
316,Medicine 316,Description,SideEffects,2025-01-01,Form,Dosage,Manufacturer,336
317,Medicine 317,Description,SideEffects,2025-01-01,Form,Dosage,Manufacturer,337
318,Medicine 318,Description,SideEffects,2025-01-01,Form,Dosage,Manufacturer,338
319,Medicine 319,Description,SideEffects,2025-01-01,Form,Dosage,Manufacturer,339
320,Medicine 320,Description,SideEffects,2025-01-01,Form,Dosage,Manufacturer,340
321,Medicine 321,Description,SideEffects,2025-01-01,Form,Dosage,Manufacturer,341
322,Medicine 322,Description,SideEffects,2025-01-01,Form,Dosage,Manufacturer,342
323,Medicine 323,Description,SideEffects,2025-01-01,Form,Dosage,Manufacturer,343
324,Medicine 324,Description,SideEffects,2025-01-01,Form,Dosage,Manufacturer,344
325,Medicine 325,Description,SideEffects,2025-01-01,Form,Dosage,Manufacturer,345
326,Medicine 326,Description,SideEffects,2025-01-01,Form,Dosage,Manufacturer,346
327,Medicine 327,Description,SideEffects,2025-01-01,Form,Dosage,Manufacturer,347
328,Medicine 328,Description,SideEffects,2025-01-01,Form,Dosage,Manufacturer,348
329,Medicine 329,Description,SideEffects,2025-01-01,Form,Dosage,Manufacturer,349
330,Medicine 330,Description,SideEffects,2025-01-01,Form,Dosage,Manufacturer,350
331,Medicine 331,Description,SideEffects,2025-01-01,Form,Dosage,Manufacturer,351
332,Medicine 332,Description,SideEffects,2025-01-01,Form,Dosage,Manufacturer,352
333,Medicine 333,Description,SideEffects,2025-01-01,Form,Dosage,Manufacturer,353
334,Medicine 334,Description,SideEffects,2025-01-01,Form,Dosage,Manufacturer,354
335,Medicine 335,Description,SideEffects,2025-01-01,Form,Dosage,Manufacturer,355
336,Medicine 336,Description,SideEffects,2025-01-01,Form,Dosage,Manufacturer,356
337,Medicine 337,Description,SideEffects,2025-01-01,Form,Dosage,Manufacturer,357
338,Medicine 338,Description,SideEffects,2025-01-01,Form,Dosage,Manufacturer,358
339,Medicine 339,Description,SideEffects,2025-01-01,Form,Dosage,Manufacturer,359
340,Medicine 340,Description,SideEffects,2025-01-01,Form,Dosage,Manufacturer,360
341,Medicine 341,Description,SideEffects,2025-01-01,Form,Dosage,Manufacturer,361
342,Medicine 342,Description,SideEffects,2025-01-01,Form,Dosage,Manufacturer,362
343,Medicine 343,Description,SideEffects,2025-01-01,Form,Dosage,Manufacturer,363
344,Medicine 344,Description,SideEffects,2025-01-01,Form,Dosage,Manufacturer,364
345,Medicine 345,Description,SideEffects,2025-01-01,Form,Dosage,Manufacturer,365
346,Medicine 346,Description,SideEffects,2025-01-01,Form,Dosage,Manufacturer,366
347,Medicine 347,Description,SideEffects,2025-01-01,Form,Dosage,Manufacturer,367
348,Medicine 348,Description,SideEffects,2025-01-01,Form,Dosage,Manufacturer,368
349,Medicine 349,Description,SideEffects,2025-01-01,Form,Dosage,Manufacturer,369
350,Medicine 350,Description,SideEffects,2025-01-01,Form,Dosage,Manufacturer,370
351,Medicine 351,Description,SideEffects,2025-01-01,Form,Dosage,Manufacturer,371
352,Medicine 352,Description,SideEffects,2025-01-01,Form,Dosage,Manufacturer,372
353,Medicine 353,Description,SideEffects,2025-01-01,Form,Dosage,Manufacturer,373
354,Medicine 354,Description,SideEffects,2025-01-01,Form,Dosage,Manufacturer,374
355,Medicine 355,Description,SideEffects,2025-01-01,Form,Dosage,Manufacturer,375
356,Medicine 356,Description,SideEffects,2025-01-01,Form,Dosage,Manufacturer,376
357,Medicine 357,Description,SideEffects,2025-01-01,Form,Dosage,Manufacturer,377
358,Medicine 358,Description,SideEffects,2025-01-01,Form,Dosage,Manufacturer,378
359,Medicine 359,Description,SideEffects,2025-01-01,Form,Dosage,Manufacturer,379
360,Medicine 360,Description,SideEffects,2025-01-01,Form,Dosage,Manufacturer,380
361,Medicine 361,Description,SideEffects,2025-01-01,Form,Dosage,Manufacturer,381
362,Medicine 362,Description,SideEffects,2025-01-01,Form,Dosage,Manufacturer,382
363,Medicine 363,Description,SideEffects,2025-01-01,Form,Dosage,Manufacturer,383
364,Medicine 364,Description,SideEffects,2025-01-01,Form,Dosage,Manufacturer,384
365,Medicine 365,Description,SideEffects,2025-01-01,Form,Dosage,Manufacturer,385
366,Medicine 366,Description,SideEffects,2025-01-01,Form,Dosage,Manufacturer,386
367,Medicine 367,Description,SideEffects,2025-01-01,Form,Dosage,Manufacturer,387
368,Medicine 368,Description,SideEffects,2025-01-01,Form,Dosage,Manufacturer,388
369,Medicine 369,Description,SideEffects,2025-01-01,Form,Dosage,Manufacturer,389
370,Medicine 370,Description,SideEffects,2025-01-01,Form,Dosage,Manufacturer,390
371,Medicine 371,Description,SideEffects,2025-01-01,Form,Dosage,Manufacturer,391
372,Medicine 372,Description,SideEffects,2025-01-01,Form,Dosage,Manufacturer,392
373,Medicine 373,Description,SideEffects,2025-01-01,Form,Dosage,Manufacturer,393
374,Medicine 374,Description,SideEffects,2025-01-01,Form,Dosage,Manufacturer,394
375,Medicine 375,Description,SideEffects,2025-01-01,Form,Dosage,Manufacturer,395
376,Medicine 376,Description,SideEffects,2025-01-01,Form,Dosage,Manufacturer,396
377,Medicine 377,Description,SideEffects,2025-01-01,Form,Dosage,Manufacturer,397
378,Medicine 378,Description,SideEffects,2025-01-01,Form,Dosage,Manufacturer,398
379,Medicine 379,Description,SideEffects,2025-01-01,Form,Dosage,Manufacturer,399
380,Medicine 380,Description,SideEffects,2025-01-01,Form,Dosage,Manufacturer,400
381,Medicine 381,Description,SideEffects,2025-01-01,Form,Dosage,Manufacturer,401
382,Medicine 382,Description,SideEffects,2025-01-01,Form,Dosage,Manufacturer,402
383,Medicine 383,Description,SideEffects,2025-01-01,Form,Dosage,Manufacturer,403
384,Medicine 384,Description,SideEffects,2025-01-01,Form,Dosage,Manufacturer,404
385,Medicine 385,Description,SideEffects,2025-01-01,Form,Dosage,Manufacturer,405
386,Medicine 386,Description,SideEffects,2025-01-01,Form,Dosage,Manufacturer,406
387,Medicine 387,Description,SideEffects,2025-01-01,Form,Dosage,Manufacturer,407
388,Medicine 388,Description,SideEffects,2025-01-01,Form,Dosage,Manufacturer,408
389,Medicine 389,Description,SideEffects,2025-01-01,Form,Dosage,Manufacturer,409
390,Medicine 390,Description,SideEffects,2025-01-01,Form,Dosage,Manufacturer,410
391,Medicine 391,Description,SideEffects,2025-01-01,Form,Dosage,Manufacturer,411
392,Medicine 392,Description,SideEffects,2025-01-01,Form,Dosage,Manufacturer,412
393,Medicine 393,Description,SideEffects,2025-01-01,Form,Dosage,Manufacturer,413
394,Medicine 394,Description,SideEffects,2025-01-01,Form,Dosage,Manufacturer,414
395,Medicine 395,Description,SideEffects,2025-01-01,Form,Dosage,Manufacturer,415
396,Medicine 396,Description,SideEffects,2025-01-01,Form,Dosage,Manufacturer,416
397,Medicine 397,Description,SideEffects,2025-01-01,Form,Dosage,Manufacturer,417
398,Medicine 398,Description,SideEffects,2025-01-01,Form,Dosage,Manufacturer,418
399,Medicine 399,Description,SideEffects,2025-01-01,Form,Dosage,Manufacturer,419
400,Medicine 400,Description,SideEffects,2025-01-01,Form,Dosage,Manufacturer,420
401,Medicine 401,Description,SideEffects,2025-01-01,Form,Dosage,Manufacturer,421
402,Medicine 402,Description,SideEffects,2025-01-01,Form,Dosage,Manufacturer,422
403,Medicine 403,Description,SideEffects,2025-01-01,Form,Dosage,Manufacturer,423
404,Medicine 404,Description,SideEffects,2025-01-01,Form,Dosage,Manufacturer,424
405,Medicine 405,Description,SideEffects,2025-01-01,Form,Dosage,Manufacturer,425
406,Medicine 406,Description,SideEffects,2025-01-01,Form,Dosage,Manufacturer,426
407,Medicine 407,Description,SideEffects,2025-01-01,Form,Dosage,Manufacturer,427
408,Medicine 408,Description,SideEffects,2025-01-01,Form,Dosage,Manufacturer,428
409,Medicine 409,Description,SideEffects,2025-01-01,Form,Dosage,Manufacturer,429
410,Medicine 410,Description,SideEffects,2025-01-01,Form,Dosage,Manufacturer,430
411,Medicine 411,Description,SideEffects,2025-01-01,Form,Dosage,Manufacturer,431
412,Medicine 412,Description,SideEffects,2025-01-01,Form,Dosage,Manufacturer,432
413,Medicine 413,Description,SideEffects,2025-01-01,Form,Dosage,Manufacturer,433
414,Medicine 414,Description,SideEffects,2025-01-01,Form,Dosage,Manufacturer,434
415,Medicine 415,Description,SideEffects,2025-01-01,Form,Dosage,Manufacturer,435
416,Medicine 416,Description,SideEffects,2025-01-01,Form,Dosage,Manufacturer,436
417,Medicine 417,Description,SideEffects,2025-01-01,Form,Dosage,Manufacturer,437
418,Medicine 418,Description,SideEffects,2025-01-01,Form,Dosage,Manufacturer,438
419,Medicine 419,Description,SideEffects,2025-01-01,Form,Dosage,Manufacturer,439
420,Medicine 420,Description,SideEffects,2025-01-01,Form,Dosage,Manufacturer,440
421,Medicine 421,Description,SideEffects,2025-01-01,Form,Dosage,Manufacturer,441
422,Medicine 422,Description,SideEffects,2025-01-01,Form,Dosage,Manufacturer,442
423,Medicine 423,Description,SideEffects,2025-01-01,Form,Dosage,Manufacturer,443
424,Medicine 424,Description,SideEffects,2025-01-01,Form,Dosage,Manufacturer,444
425,Medicine 425,Description,SideEffects,2025-01-01,Form,Dosage,Manufacturer,445
426,Medicine 426,Description,SideEffects,2025-01-01,Form,Dosage,Manufacturer,446
427,Medicine 427,Description,SideEffects,2025-01-01,Form,Dosage,Manufacturer,447
428,Medicine 428,Description,SideEffects,2025-01-01,Form,Dosage,Manufacturer,448
429,Medicine 429,Description,SideEffects,2025-01-01,Form,Dosage,Manufacturer,449
430,Medicine 430,Description,SideEffects,2025-01-01,Form,Dosage,Manufacturer,450
431,Medicine 431,Description,SideEffects,2025-01-01,Form,Dosage,Manufacturer,451
432,Medicine 432,Description,SideEffects,2025-01-01,Form,Dosage,Manufacturer,452
433,Medicine 433,Description,SideEffects,2025-01-01,Form,Dosage,Manufacturer,453
434,Medicine 434,Description,SideEffects,2025-01-01,Form,Dosage,Manufacturer,454
435,Medicine 435,Description,SideEffects,2025-01-01,Form,Dosage,Manufacturer,455
436,Medicine 436,Description,SideEffects,2025-01-01,Form,Dosage,Manufacturer,456
437,Medicine 437,Description,SideEffects,2025-01-01,Form,Dosage,Manufacturer,457
438,Medicine 438,Description,SideEffects,2025-01-01,Form,Dosage,Manufacturer,458
439,Medicine 439,Description,SideEffects,2025-01-01,Form,Dosage,Manufacturer,459
440,Medicine 440,Description,SideEffects,2025-01-01,Form,Dosage,Manufacturer,460
441,Medicine 441,Description,SideEffects,2025-01-01,Form,Dosage,Manufacturer,461
442,Medicine 442,Description,SideEffects,2025-01-01,Form,Dosage,Manufacturer,462
443,Medicine 443,Description,SideEffects,2025-01-01,Form,Dosage,Manufacturer,463
444,Medicine 444,Description,SideEffects,2025-01-01,Form,Dosage,Manufacturer,464
445,Medicine 445,Description,SideEffects,2025-01-01,Form,Dosage,Manufacturer,465
446,Medicine 446,Description,SideEffects,2025-01-01,Form,Dosage,Manufacturer,466
447,Medicine 447,Description,SideEffects,2025-01-01,Form,Dosage,Manufacturer,467
448,Medicine 448,Description,SideEffects,2025-01-01,Form,Dosage,Manufacturer,468
449,Medicine 449,Description,SideEffects,2025-01-01,Form,Dosage,Manufacturer,469
450,Medicine 450,Description,SideEffects,2025-01-01,Form,Dosage,Manufacturer,470
451,Medicine 451,Description,SideEffects,2025-01-01,Form,Dosage,Manufacturer,471
452,Medicine 452,Description,SideEffects,2025-01-01,Form,Dosage,Manufacturer,472
453,Medicine 453,Description,SideEffects,2025-01-01,Form,Dosage,Manufacturer,473
454,Medicine 454,Description,SideEffects,2025-01-01,Form,Dosage,Manufacturer,474
455,Medicine 455,Description,SideEffects,2025-01-01,Form,Dosage,Manufacturer,475
456,Medicine 456,Description,SideEffects,2025-01-01,Form,Dosage,Manufacturer,476
457,Medicine 457,Description,SideEffects,2025-01-01,Form,Dosage,Manufacturer,477
458,Medicine 458,Description,SideEffects,2025-01-01,Form,Dosage,Manufacturer,478
459,Medicine 459,Description,SideEffects,2025-01-01,Form,Dosage,Manufacturer,479
460,Medicine 460,Description,SideEffects,2025-01-01,Form,Dosage,Manufacturer,480
461,Medicine 461,Description,SideEffects,2025-01-01,Form,Dosage,Manufacturer,481
462,Medicine 462,Description,SideEffects,2025-01-01,Form,Dosage,Manufacturer,482
463,Medicine 463,Description,SideEffects,2025-01-01,Form,Dosage,Manufacturer,483
464,Medicine 464,Description,SideEffects,2025-01-01,Form,Dosage,Manufacturer,484
465,Medicine 465,Description,SideEffects,2025-01-01,Form,Dosage,Manufacturer,485
466,Medicine 466,Description,SideEffects,2025-01-01,Form,Dosage,Manufacturer,486
467,Medicine 467,Description,SideEffects,2025-01-01,Form,Dosage,Manufacturer,487
468,Medicine 468,Description,SideEffects,2025-01-01,Form,Dosage,Manufacturer,488
469,Medicine 469,Description,SideEffects,2025-01-01,Form,Dosage,Manufacturer,489
470,Medicine 470,Description,SideEffects,2025-01-01,Form,Dosage,Manufacturer,490
471,Medicine 471,Description,SideEffects,2025-01-01,Form,Dosage,Manufacturer,491
472,Medicine 472,Description,SideEffects,2025-01-01,Form,Dosage,Manufacturer,492
473,Medicine 473,Description,SideEffects,2025-01-01,Form,Dosage,Manufacturer,493
474,Medicine 474,Description,SideEffects,2025-01-01,Form,Dosage,Manufacturer,494
475,Medicine 475,Description,SideEffects,2025-01-01,Form,Dosage,Manufacturer,495
476,Medicine 476,Description,SideEffects,2025-01-01,Form,Dosage,Manufacturer,496
477,Medicine 477,Description,SideEffects,2025-01-01,Form,Dosage,Manufacturer,497
478,Medicine 478,Description,SideEffects,2025-01-01,Form,Dosage,Manufacturer,498
479,Medicine 479,Description,SideEffects,2025-01-01,Form,Dosage,Manufacturer,499
480,Medicine 480,Description,SideEffects,2025-01-01,Form,Dosage,Manufacturer,500
481,Medicine 481,Description,SideEffects,2025-01-01,Form,Dosage,Manufacturer,501
482,Medicine 482,Description,SideEffects,2025-01-01,Form,Dosage,Manufacturer,502
483,Medicine 483,Description,SideEffects,2025-01-01,Form,Dosage,Manufacturer,503
484,Medicine 484,Description,SideEffects,2025-01-01,Form,Dosage,Manufacturer,504
485,Medicine 485,Description,SideEffects,2025-01-01,Form,Dosage,Manufacturer,505
486,Medicine 486,Description,SideEffects,2025-01-01,Form,Dosage,Manufacturer,506
487,Medicine 487,Description,SideEffects,2025-01-01,Form,Dosage,Manufacturer,507
488,Medicine 488,Description,SideEffects,2025-01-01,Form,Dosage,Manufacturer,508
489,Medicine 489,Description,SideEffects,2025-01-01,Form,Dosage,Manufacturer,509
490,Medicine 490,Description,SideEffects,2025-01-01,Form,Dosage,Manufacturer,510
491,Medicine 491,Description,SideEffects,2025-01-01,Form,Dosage,Manufacturer,511
492,Medicine 492,Description,SideEffects,2025-01-01,Form,Dosage,Manufacturer,512
493,Medicine 493,Description,SideEffects,2025-01-01,Form,Dosage,Manufacturer,513
494,Medicine 494,Description,SideEffects,2025-01-01,Form,Dosage,Manufacturer,514
495,Medicine 495,Description,SideEffects,2025-01-01,Form,Dosage,Manufacturer,515
496,Medicine 496,Description,SideEffects,2025-01-01,Form,Dosage,Manufacturer,516
497,Medicine 497,Description,SideEffects,2025-01-01,Form,Dosage,Manufacturer,517
498,Medicine 498,Description,SideEffects,2025-01-01,Form,Dosage,Manufacturer,518
499,Medicine 499,Description,SideEffects,2025-01-01,Form,Dosage,Manufacturer,519
500,Medicine 500,Description,SideEffects,2025-01-01,Form,Dosage,Manufacturer,520
501,Medicine 501,Description,SideEffects,2025-01-01,Form,Dosage,Manufacturer,521
502,Medicine 502,Description,SideEffects,2025-01-01,Form,Dosage,Manufacturer,522
503,Medicine 503,Description,SideEffects,2025-01-01,Form,Dosage,Manufacturer,523
504,Medicine 504,Description,SideEffects,2025-01-01,Form,Dosage,Manufacturer,524
505,Medicine 505,Description,SideEffects,2025-01-01,Form,Dosage,Manufacturer,525
506,Medicine 506,Description,SideEffects,2025-01-01,Form,Dosage,Manufacturer,526
507,Medicine 507,Description,SideEffects,2025-01-01,Form,Dosage,Manufacturer,527
508,Medicine 508,Description,SideEffects,2025-01-01,Form,Dosage,Manufacturer,528
509,Medicine 509,Description,SideEffects,2025-01-01,Form,Dosage,Manufacturer,529
510,Medicine 510,Description,SideEffects,2025-01-01,Form,Dosage,Manufacturer,530
511,Medicine 511,Description,SideEffects,2025-01-01,Form,Dosage,Manufacturer,531
512,Medicine 512,Description,SideEffects,2025-01-01,Form,Dosage,Manufacturer,532
513,Medicine 513,Description,SideEffects,2025-01-01,Form,Dosage,Manufacturer,533
514,Medicine 514,Description,SideEffects,2025-01-01,Form,Dosage,Manufacturer,534
515,Medicine 515,Description,SideEffects,2025-01-01,Form,Dosage,Manufacturer,535
516,Medicine 516,Description,SideEffects,2025-01-01,Form,Dosage,Manufacturer,536
517,Medicine 517,Description,SideEffects,2025-01-01,Form,Dosage,Manufacturer,537
518,Medicine 518,Description,SideEffects,2025-01-01,Form,Dosage,Manufacturer,538
519,Medicine 519,Description,SideEffects,2025-01-01,Form,Dosage,Manufacturer,539
520,Medicine 520,Description,SideEffects,2025-01-01,Form,Dosage,Manufacturer,540
521,Medicine 521,Description,SideEffects,2025-01-01,Form,Dosage,Manufacturer,541
522,Medicine 522,Description,SideEffects,2025-01-01,Form,Dosage,Manufacturer,542
523,Medicine 523,Description,SideEffects,2025-01-01,Form,Dosage,Manufacturer,543
524,Medicine 524,Description,SideEffects,2025-01-01,Form,Dosage,Manufacturer,544
525,Medicine 525,Description,SideEffects,2025-01-01,Form,Dosage,Manufacturer,545
526,Medicine 526,Description,SideEffects,2025-01-01,Form,Dosage,Manufacturer,546
527,Medicine 527,Description,SideEffects,2025-01-01,Form,Dosage,Manufacturer,547
528,Medicine 528,Description,SideEffects,2025-01-01,Form,Dosage,Manufacturer,548
529,Medicine 529,Description,SideEffects,2025-01-01,Form,Dosage,Manufacturer,549
530,Medicine 530,Description,SideEffects,2025-01-01,Form,Dosage,Manufacturer,550
531,Medicine 531,Description,SideEffects,2025-01-01,Form,Dosage,Manufacturer,551
532,Medicine 532,Description,SideEffects,2025-01-01,Form,Dosage,Manufacturer,552
533,Medicine 533,Description,SideEffects,2025-01-01,Form,Dosage,Manufacturer,553
534,Medicine 534,Description,SideEffects,2025-01-01,Form,Dosage,Manufacturer,554
535,Medicine 535,Description,SideEffects,2025-01-01,Form,Dosage,Manufacturer,555
536,Medicine 536,Description,SideEffects,2025-01-01,Form,Dosage,Manufacturer,556
537,Medicine 537,Description,SideEffects,2025-01-01,Form,Dosage,Manufacturer,557
538,Medicine 538,Description,SideEffects,2025-01-01,Form,Dosage,Manufacturer,558
539,Medicine 539,Description,SideEffects,2025-01-01,Form,Dosage,Manufacturer,559
540,Medicine 540,Description,SideEffects,2025-01-01,Form,Dosage,Manufacturer,560
541,Medicine 541,Description,SideEffects,2025-01-01,Form,Dosage,Manufacturer,561
542,Medicine 542,Description,SideEffects,2025-01-01,Form,Dosage,Manufacturer,562
543,Medicine 543,Description,SideEffects,2025-01-01,Form,Dosage,Manufacturer,563
544,Medicine 544,Description,SideEffects,2025-01-01,Form,Dosage,Manufacturer,564
545,Medicine 545,Description,SideEffects,2025-01-01,Form,Dosage,Manufacturer,565
546,Medicine 546,Description,SideEffects,2025-01-01,Form,Dosage,Manufacturer,566
547,Medicine 547,Description,SideEffects,2025-01-01,Form,Dosage,Manufacturer,567
548,Medicine 548,Description,SideEffects,2025-01-01,Form,Dosage,Manufacturer,568
549,Medicine 549,Description,SideEffects,2025-01-01,Form,Dosage,Manufacturer,569
550,Medicine 550,Description,SideEffects,2025-01-01,Form,Dosage,Manufacturer,570
551,Medicine 551,Description,SideEffects,2025-01-01,Form,Dosage,Manufacturer,571
552,Medicine 552,Description,SideEffects,2025-01-01,Form,Dosage,Manufacturer,572
553,Medicine 553,Description,SideEffects,2025-01-01,Form,Dosage,Manufacturer,573
554,Medicine 554,Description,SideEffects,2025-01-01,Form,Dosage,Manufacturer,574
555,Medicine 555,Description,SideEffects,2025-01-01,Form,Dosage,Manufacturer,575
556,Medicine 556,Description,SideEffects,2025-01-01,Form,Dosage,Manufacturer,576
557,Medicine 557,Description,SideEffects,2025-01-01,Form,Dosage,Manufacturer,577
558,Medicine 558,Description,SideEffects,2025-01-01,Form,Dosage,Manufacturer,578
559,Medicine 559,Description,SideEffects,2025-01-01,Form,Dosage,Manufacturer,579
560,Medicine 560,Description,SideEffects,2025-01-01,Form,Dosage,Manufacturer,580
561,Medicine 561,Description,SideEffects,2025-01-01,Form,Dosage,Manufacturer,581
562,Medicine 562,Description,SideEffects,2025-01-01,Form,Dosage,Manufacturer,582
563,Medicine 563,Description,SideEffects,2025-01-01,Form,Dosage,Manufacturer,583
564,Medicine 564,Description,SideEffects,2025-01-01,Form,Dosage,Manufacturer,584
565,Medicine 565,Description,SideEffects,2025-01-01,Form,Dosage,Manufacturer,585
566,Medicine 566,Description,SideEffects,2025-01-01,Form,Dosage,Manufacturer,586
567,Medicine 567,Description,SideEffects,2025-01-01,Form,Dosage,Manufacturer,587
568,Medicine 568,Description,SideEffects,2025-01-01,Form,Dosage,Manufacturer,588
569,Medicine 569,Description,SideEffects,2025-01-01,Form,Dosage,Manufacturer,589
570,Medicine 570,Description,SideEffects,2025-01-01,Form,Dosage,Manufacturer,590
571,Medicine 571,Description,SideEffects,2025-01-01,Form,Dosage,Manufacturer,591
572,Medicine 572,Description,SideEffects,2025-01-01,Form,Dosage,Manufacturer,592
573,Medicine 573,Description,SideEffects,2025-01-01,Form,Dosage,Manufacturer,593
574,Medicine 574,Description,SideEffects,2025-01-01,Form,Dosage,Manufacturer,594
575,Medicine 575,Description,SideEffects,2025-01-01,Form,Dosage,Manufacturer,595
576,Medicine 576,Description,SideEffects,2025-01-01,Form,Dosage,Manufacturer,596
577,Medicine 577,Description,SideEffects,2025-01-01,Form,Dosage,Manufacturer,597
578,Medicine 578,Description,SideEffects,2025-01-01,Form,Dosage,Manufacturer,598
579,Medicine 579,Description,SideEffects,2025-01-01,Form,Dosage,Manufacturer,599
580,Medicine 580,Description,SideEffects,2025-01-01,Form,Dosage,Manufacturer,600
581,Medicine 581,Description,SideEffects,2025-01-01,Form,Dosage,Manufacturer,601
582,Medicine 582,Description,SideEffects,2025-01-01,Form,Dosage,Manufacturer,602
583,Medicine 583,Description,SideEffects,2025-01-01,Form,Dosage,Manufacturer,603
584,Medicine 584,Description,SideEffects,2025-01-01,Form,Dosage,Manufacturer,604
585,Medicine 585,Description,SideEffects,2025-01-01,Form,Dosage,Manufacturer,605
586,Medicine 586,Description,SideEffects,2025-01-01,Form,Dosage,Manufacturer,606
587,Medicine 587,Description,SideEffects,2025-01-01,Form,Dosage,Manufacturer,607
588,Medicine 588,Description,SideEffects,2025-01-01,Form,Dosage,Manufacturer,608
589,Medicine 589,Description,SideEffects,2025-01-01,Form,Dosage,Manufacturer,609
590,Medicine 590,Description,SideEffects,2025-01-01,Form,Dosage,Manufacturer,610
591,Medicine 591,Description,SideEffects,2025-01-01,Form,Dosage,Manufacturer,611
592,Medicine 592,Description,SideEffects,2025-01-01,Form,Dosage,Manufacturer,612
593,Medicine 593,Description,SideEffects,2025-01-01,Form,Dosage,Manufacturer,613
594,Medicine 594,Description,SideEffects,2025-01-01,Form,Dosage,Manufacturer,614
595,Medicine 595,Description,SideEffects,2025-01-01,Form,Dosage,Manufacturer,615
596,Medicine 596,Description,SideEffects,2025-01-01,Form,Dosage,Manufacturer,616
597,Medicine 597,Description,SideEffects,2025-01-01,Form,Dosage,Manufacturer,617
598,Medicine 598,Description,SideEffects,2025-01-01,Form,Dosage,Manufacturer,618
599,Medicine 599,Description,SideEffects,2025-01-01,Form,Dosage,Manufacturer,619
600,Medicine 600,Description,SideEffects,2025-01-01,Form,Dosage,Manufacturer,620
601,Medicine 601,Description,SideEffects,2025-01-01,Form,Dosage,Manufacturer,621
602,Medicine 602,Description,SideEffects,2025-01-01,Form,Dosage,Manufacturer,622
603,Medicine 603,Description,SideEffects,2025-01-01,Form,Dosage,Manufacturer,623
604,Medicine 604,Description,SideEffects,2025-01-01,Form,Dosage,Manufacturer,624
605,Medicine 605,Description,SideEffects,2025-01-01,Form,Dosage,Manufacturer,625
606,Medicine 606,Description,SideEffects,2025-01-01,Form,Dosage,Manufacturer,626
607,Medicine 607,Description,SideEffects,2025-01-01,Form,Dosage,Manufacturer,627
608,Medicine 608,Description,SideEffects,2025-01-01,Form,Dosage,Manufacturer,628
609,Medicine 609,Description,SideEffects,2025-01-01,Form,Dosage,Manufacturer,629
610,Medicine 610,Description,SideEffects,2025-01-01,Form,Dosage,Manufacturer,630
611,Medicine 611,Description,SideEffects,2025-01-01,Form,Dosage,Manufacturer,631
612,Medicine 612,Description,SideEffects,2025-01-01,Form,Dosage,Manufacturer,632
613,Medicine 613,Description,SideEffects,2025-01-01,Form,Dosage,Manufacturer,633
614,Medicine 614,Description,SideEffects,2025-01-01,Form,Dosage,Manufacturer,634
615,Medicine 615,Description,SideEffects,2025-01-01,Form,Dosage,Manufacturer,635
616,Medicine 616,Description,SideEffects,2025-01-01,Form,Dosage,Manufacturer,636
617,Medicine 617,Description,SideEffects,2025-01-01,Form,Dosage,Manufacturer,637
618,Medicine 618,Description,SideEffects,2025-01-01,Form,Dosage,Manufacturer,638
619,Medicine 619,Description,SideEffects,2025-01-01,Form,Dosage,Manufacturer,639
620,Medicine 620,Description,SideEffects,2025-01-01,Form,Dosage,Manufacturer,640
621,Medicine 621,Description,SideEffects,2025-01-01,Form,Dosage,Manufacturer,641
622,Medicine 622,Description,SideEffects,2025-01-01,Form,Dosage,Manufacturer,642
623,Medicine 623,Description,SideEffects,2025-01-01,Form,Dosage,Manufacturer,643
624,Medicine 624,Description,SideEffects,2025-01-01,Form,Dosage,Manufacturer,644
625,Medicine 625,Description,SideEffects,2025-01-01,Form,Dosage,Manufacturer,645
626,Medicine 626,Description,SideEffects,2025-01-01,Form,Dosage,Manufacturer,646
627,Medicine 627,Description,SideEffects,2025-01-01,Form,Dosage,Manufacturer,647
628,Medicine 628,Description,SideEffects,2025-01-01,Form,Dosage,Manufacturer,648
629,Medicine 629,Description,SideEffects,2025-01-01,Form,Dosage,Manufacturer,649
630,Medicine 630,Description,SideEffects,2025-01-01,Form,Dosage,Manufacturer,650
631,Medicine 631,Description,SideEffects,2025-01-01,Form,Dosage,Manufacturer,651
632,Medicine 632,Description,SideEffects,2025-01-01,Form,Dosage,Manufacturer,652
633,Medicine 633,Description,SideEffects,2025-01-01,Form,Dosage,Manufacturer,653
634,Medicine 634,Description,SideEffects,2025-01-01,Form,Dosage,Manufacturer,654
635,Medicine 635,Description,SideEffects,2025-01-01,Form,Dosage,Manufacturer,655
636,Medicine 636,Description,SideEffects,2025-01-01,Form,Dosage,Manufacturer,656
637,Medicine 637,Description,SideEffects,2025-01-01,Form,Dosage,Manufacturer,657
638,Medicine 638,Description,SideEffects,2025-01-01,Form,Dosage,Manufacturer,658
639,Medicine 639,Description,SideEffects,2025-01-01,Form,Dosage,Manufacturer,659
640,Medicine 640,Description,SideEffects,2025-01-01,Form,Dosage,Manufacturer,660
641,Medicine 641,Description,SideEffects,2025-01-01,Form,Dosage,Manufacturer,661
642,Medicine 642,Description,SideEffects,2025-01-01,Form,Dosage,Manufacturer,662
643,Medicine 643,Description,SideEffects,2025-01-01,Form,Dosage,Manufacturer,663
644,Medicine 644,Description,SideEffects,2025-01-01,Form,Dosage,Manufacturer,664
645,Medicine 645,Description,SideEffects,2025-01-01,Form,Dosage,Manufacturer,665
646,Medicine 646,Description,SideEffects,2025-01-01,Form,Dosage,Manufacturer,666
647,Medicine 647,Description,SideEffects,2025-01-01,Form,Dosage,Manufacturer,667
648,Medicine 648,Description,SideEffects,2025-01-01,Form,Dosage,Manufacturer,668
649,Medicine 649,Description,SideEffects,2025-01-01,Form,Dosage,Manufacturer,669
650,Medicine 650,Description,SideEffects,2025-01-01,Form,Dosage,Manufacturer,670
651,Medicine 651,Description,SideEffects,2025-01-01,Form,Dosage,Manufacturer,671
652,Medicine 652,Description,SideEffects,2025-01-01,Form,Dosage,Manufacturer,672
653,Medicine 653,Description,SideEffects,2025-01-01,Form,Dosage,Manufacturer,673
654,Medicine 654,Description,SideEffects,2025-01-01,Form,Dosage,Manufacturer,674
655,Medicine 655,Description,SideEffects,2025-01-01,Form,Dosage,Manufacturer,675
656,Medicine 656,Description,SideEffects,2025-01-01,Form,Dosage,Manufacturer,676
657,Medicine 657,Description,SideEffects,2025-01-01,Form,Dosage,Manufacturer,677
658,Medicine 658,Description,SideEffects,2025-01-01,Form,Dosage,Manufacturer,678
659,Medicine 659,Description,SideEffects,2025-01-01,Form,Dosage,Manufacturer,679
660,Medicine 660,Description,SideEffects,2025-01-01,Form,Dosage,Manufacturer,680
661,Medicine 661,Description,SideEffects,2025-01-01,Form,Dosage,Manufacturer,681
662,Medicine 662,Description,SideEffects,2025-01-01,Form,Dosage,Manufacturer,682
663,Medicine 663,Description,SideEffects,2025-01-01,Form,Dosage,Manufacturer,683
664,Medicine 664,Description,SideEffects,2025-01-01,Form,Dosage,Manufacturer,684
665,Medicine 665,Description,SideEffects,2025-01-01,Form,Dosage,Manufacturer,685
666,Medicine 666,Description,SideEffects,2025-01-01,Form,Dosage,Manufacturer,686
667,Medicine 667,Description,SideEffects,2025-01-01,Form,Dosage,Manufacturer,687
668,Medicine 668,Description,SideEffects,2025-01-01,Form,Dosage,Manufacturer,688
669,Medicine 669,Description,SideEffects,2025-01-01,Form,Dosage,Manufacturer,689
670,Medicine 670,Description,SideEffects,2025-01-01,Form,Dosage,Manufacturer,690
671,Medicine 671,Description,SideEffects,2025-01-01,Form,Dosage,Manufacturer,691
672,Medicine 672,Description,SideEffects,2025-01-01,Form,Dosage,Manufacturer,692
673,Medicine 673,Description,SideEffects,2025-01-01,Form,Dosage,Manufacturer,693
674,Medicine 674,Description,SideEffects,2025-01-01,Form,Dosage,Manufacturer,694
675,Medicine 675,Description,SideEffects,2025-01-01,Form,Dosage,Manufacturer,695
676,Medicine 676,Description,SideEffects,2025-01-01,Form,Dosage,Manufacturer,696
677,Medicine 677,Description,SideEffects,2025-01-01,Form,Dosage,Manufacturer,697
678,Medicine 678,Description,SideEffects,2025-01-01,Form,Dosage,Manufacturer,698
679,Medicine 679,Description,SideEffects,2025-01-01,Form,Dosage,Manufacturer,699
680,Medicine 680,Description,SideEffects,2025-01-01,Form,Dosage,Manufacturer,700
681,Medicine 681,Description,SideEffects,2025-01-01,Form,Dosage,Manufacturer,701
682,Medicine 682,Description,SideEffects,2025-01-01,Form,Dosage,Manufacturer,702
683,Medicine 683,Description,SideEffects,2025-01-01,Form,Dosage,Manufacturer,703
684,Medicine 684,Description,SideEffects,2025-01-01,Form,Dosage,Manufacturer,704
685,Medicine 685,Description,SideEffects,2025-01-01,Form,Dosage,Manufacturer,705
686,Medicine 686,Description,SideEffects,2025-01-01,Form,Dosage,Manufacturer,706
687,Medicine 687,Description,SideEffects,2025-01-01,Form,Dosage,Manufacturer,707
688,Medicine 688,Description,SideEffects,2025-01-01,Form,Dosage,Manufacturer,708
689,Medicine 689,Description,SideEffects,2025-01-01,Form,Dosage,Manufacturer,709
690,Medicine 690,Description,SideEffects,2025-01-01,Form,Dosage,Manufacturer,710
691,Medicine 691,Description,SideEffects,2025-01-01,Form,Dosage,Manufacturer,711
692,Medicine 692,Description,SideEffects,2025-01-01,Form,Dosage,Manufacturer,712
693,Medicine 693,Description,SideEffects,2025-01-01,Form,Dosage,Manufacturer,713
694,Medicine 694,Description,SideEffects,2025-01-01,Form,Dosage,Manufacturer,714
695,Medicine 695,Description,SideEffects,2025-01-01,Form,Dosage,Manufacturer,715
696,Medicine 696,Description,SideEffects,2025-01-01,Form,Dosage,Manufacturer,716
697,Medicine 697,Description,SideEffects,2025-01-01,Form,Dosage,Manufacturer,717
698,Medicine 698,Description,SideEffects,2025-01-01,Form,Dosage,Manufacturer,718
699,Medicine 699,Description,SideEffects,2025-01-01,Form,Dosage,Manufacturer,719
700,Medicine 700,Description,SideEffects,2025-01-01,Form,Dosage,Manufacturer,720
701,Medicine 701,Description,SideEffects,2025-01-01,Form,Dosage,Manufacturer,721
702,Medicine 702,Description,SideEffects,2025-01-01,Form,Dosage,Manufacturer,722
703,Medicine 703,Description,SideEffects,2025-01-01,Form,Dosage,Manufacturer,723
704,Medicine 704,Description,SideEffects,2025-01-01,Form,Dosage,Manufacturer,724
705,Medicine 705,Description,SideEffects,2025-01-01,Form,Dosage,Manufacturer,725
706,Medicine 706,Description,SideEffects,2025-01-01,Form,Dosage,Manufacturer,726
707,Medicine 707,Description,SideEffects,2025-01-01,Form,Dosage,Manufacturer,727
708,Medicine 708,Description,SideEffects,2025-01-01,Form,Dosage,Manufacturer,728
709,Medicine 709,Description,SideEffects,2025-01-01,Form,Dosage,Manufacturer,729
710,Medicine 710,Description,SideEffects,2025-01-01,Form,Dosage,Manufacturer,730
711,Medicine 711,Description,SideEffects,2025-01-01,Form,Dosage,Manufacturer,731
712,Medicine 712,Description,SideEffects,2025-01-01,Form,Dosage,Manufacturer,732
713,Medicine 713,Description,SideEffects,2025-01-01,Form,Dosage,Manufacturer,733
714,Medicine 714,Description,SideEffects,2025-01-01,Form,Dosage,Manufacturer,734
715,Medicine 715,Description,SideEffects,2025-01-01,Form,Dosage,Manufacturer,735
716,Medicine 716,Description,SideEffects,2025-01-01,Form,Dosage,Manufacturer,736
717,Medicine 717,Description,SideEffects,2025-01-01,Form,Dosage,Manufacturer,737
718,Medicine 718,Description,SideEffects,2025-01-01,Form,Dosage,Manufacturer,738
719,Medicine 719,Description,SideEffects,2025-01-01,Form,Dosage,Manufacturer,739
720,Medicine 720,Description,SideEffects,2025-01-01,Form,Dosage,Manufacturer,740
721,Medicine 721,Description,SideEffects,2025-01-01,Form,Dosage,Manufacturer,741
722,Medicine 722,Description,SideEffects,2025-01-01,Form,Dosage,Manufacturer,742
723,Medicine 723,Description,SideEffects,2025-01-01,Form,Dosage,Manufacturer,743
724,Medicine 724,Description,SideEffects,2025-01-01,Form,Dosage,Manufacturer,744
725,Medicine 725,Description,SideEffects,2025-01-01,Form,Dosage,Manufacturer,745
726,Medicine 726,Description,SideEffects,2025-01-01,Form,Dosage,Manufacturer,746
727,Medicine 727,Description,SideEffects,2025-01-01,Form,Dosage,Manufacturer,747
728,Medicine 728,Description,SideEffects,2025-01-01,Form,Dosage,Manufacturer,748
729,Medicine 729,Description,SideEffects,2025-01-01,Form,Dosage,Manufacturer,749
730,Medicine 730,Description,SideEffects,2025-01-01,Form,Dosage,Manufacturer,750
731,Medicine 731,Description,SideEffects,2025-01-01,Form,Dosage,Manufacturer,751
732,Medicine 732,Description,SideEffects,2025-01-01,Form,Dosage,Manufacturer,752
733,Medicine 733,Description,SideEffects,2025-01-01,Form,Dosage,Manufacturer,753
734,Medicine 734,Description,SideEffects,2025-01-01,Form,Dosage,Manufacturer,754
735,Medicine 735,Description,SideEffects,2025-01-01,Form,Dosage,Manufacturer,755
736,Medicine 736,Description,SideEffects,2025-01-01,Form,Dosage,Manufacturer,756
737,Medicine 737,Description,SideEffects,2025-01-01,Form,Dosage,Manufacturer,757
738,Medicine 738,Description,SideEffects,2025-01-01,Form,Dosage,Manufacturer,758
739,Medicine 739,Description,SideEffects,2025-01-01,Form,Dosage,Manufacturer,759
740,Medicine 740,Description,SideEffects,2025-01-01,Form,Dosage,Manufacturer,760
741,Medicine 741,Description,SideEffects,2025-01-01,Form,Dosage,Manufacturer,761
742,Medicine 742,Description,SideEffects,2025-01-01,Form,Dosage,Manufacturer,762
743,Medicine 743,Description,SideEffects,2025-01-01,Form,Dosage,Manufacturer,763
744,Medicine 744,Description,SideEffects,2025-01-01,Form,Dosage,Manufacturer,764
745,Medicine 745,Description,SideEffects,2025-01-01,Form,Dosage,Manufacturer,765
746,Medicine 746,Description,SideEffects,2025-01-01,Form,Dosage,Manufacturer,766
747,Medicine 747,Description,SideEffects,2025-01-01,Form,Dosage,Manufacturer,767
748,Medicine 748,Description,SideEffects,2025-01-01,Form,Dosage,Manufacturer,768
749,Medicine 749,Description,SideEffects,2025-01-01,Form,Dosage,Manufacturer,769
750,Medicine 750,Description,SideEffects,2025-01-01,Form,Dosage,Manufacturer,770
751,Medicine 751,Description,SideEffects,2025-01-01,Form,Dosage,Manufacturer,771
752,Medicine 752,Description,SideEffects,2025-01-01,Form,Dosage,Manufacturer,772
753,Medicine 753,Description,SideEffects,2025-01-01,Form,Dosage,Manufacturer,773
754,Medicine 754,Description,SideEffects,2025-01-01,Form,Dosage,Manufacturer,774
755,Medicine 755,Description,SideEffects,2025-01-01,Form,Dosage,Manufacturer,775
756,Medicine 756,Description,SideEffects,2025-01-01,Form,Dosage,Manufacturer,776
757,Medicine 757,Description,SideEffects,2025-01-01,Form,Dosage,Manufacturer,777
758,Medicine 758,Description,SideEffects,2025-01-01,Form,Dosage,Manufacturer,778
759,Medicine 759,Description,SideEffects,2025-01-01,Form,Dosage,Manufacturer,779
760,Medicine 760,Description,SideEffects,2025-01-01,Form,Dosage,Manufacturer,780
761,Medicine 761,Description,SideEffects,2025-01-01,Form,Dosage,Manufacturer,781
762,Medicine 762,Description,SideEffects,2025-01-01,Form,Dosage,Manufacturer,782
763,Medicine 763,Description,SideEffects,2025-01-01,Form,Dosage,Manufacturer,783
764,Medicine 764,Description,SideEffects,2025-01-01,Form,Dosage,Manufacturer,784
765,Medicine 765,Description,SideEffects,2025-01-01,Form,Dosage,Manufacturer,785
766,Medicine 766,Description,SideEffects,2025-01-01,Form,Dosage,Manufacturer,786
767,Medicine 767,Description,SideEffects,2025-01-01,Form,Dosage,Manufacturer,787
768,Medicine 768,Description,SideEffects,2025-01-01,Form,Dosage,Manufacturer,788
769,Medicine 769,Description,SideEffects,2025-01-01,Form,Dosage,Manufacturer,789
770,Medicine 770,Description,SideEffects,2025-01-01,Form,Dosage,Manufacturer,790
771,Medicine 771,Description,SideEffects,2025-01-01,Form,Dosage,Manufacturer,791
772,Medicine 772,Description,SideEffects,2025-01-01,Form,Dosage,Manufacturer,792
773,Medicine 773,Description,SideEffects,2025-01-01,Form,Dosage,Manufacturer,793
774,Medicine 774,Description,SideEffects,2025-01-01,Form,Dosage,Manufacturer,794
775,Medicine 775,Description,SideEffects,2025-01-01,Form,Dosage,Manufacturer,795
776,Medicine 776,Description,SideEffects,2025-01-01,Form,Dosage,Manufacturer,796
777,Medicine 777,Description,SideEffects,2025-01-01,Form,Dosage,Manufacturer,797
778,Medicine 778,Description,SideEffects,2025-01-01,Form,Dosage,Manufacturer,798
779,Medicine 779,Description,SideEffects,2025-01-01,Form,Dosage,Manufacturer,799
780,Medicine 780,Description,SideEffects,2025-01-01,Form,Dosage,Manufacturer,800
781,Medicine 781,Description,SideEffects,2025-01-01,Form,Dosage,Manufacturer,801
782,Medicine 782,Description,SideEffects,2025-01-01,Form,Dosage,Manufacturer,802
783,Medicine 783,Description,SideEffects,2025-01-01,Form,Dosage,Manufacturer,803
784,Medicine 784,Description,SideEffects,2025-01-01,Form,Dosage,Manufacturer,804
785,Medicine 785,Description,SideEffects,2025-01-01,Form,Dosage,Manufacturer,805
786,Medicine 786,Description,SideEffects,2025-01-01,Form,Dosage,Manufacturer,806
787,Medicine 787,Description,SideEffects,2025-01-01,Form,Dosage,Manufacturer,807
788,Medicine 788,Description,SideEffects,2025-01-01,Form,Dosage,Manufacturer,808
789,Medicine 789,Description,SideEffects,2025-01-01,Form,Dosage,Manufacturer,809
790,Medicine 790,Description,SideEffects,2025-01-01,Form,Dosage,Manufacturer,810
791,Medicine 791,Description,SideEffects,2025-01-01,Form,Dosage,Manufacturer,811
792,Medicine 792,Description,SideEffects,2025-01-01,Form,Dosage,Manufacturer,812
793,Medicine 793,Description,SideEffects,2025-01-01,Form,Dosage,Manufacturer,813
794,Medicine 794,Description,SideEffects,2025-01-01,Form,Dosage,Manufacturer,814
795,Medicine 795,Description,SideEffects,2025-01-01,Form,Dosage,Manufacturer,815
796,Medicine 796,Description,SideEffects,2025-01-01,Form,Dosage,Manufacturer,816
797,Medicine 797,Description,SideEffects,2025-01-01,Form,Dosage,Manufacturer,817
798,Medicine 798,Description,SideEffects,2025-01-01,Form,Dosage,Manufacturer,818
799,Medicine 799,Description,SideEffects,2025-01-01,Form,Dosage,Manufacturer,819
800,Medicine 800,Description,SideEffects,2025-01-01,Form,Dosage,Manufacturer,820
801,Medicine 801,Description,SideEffects,2025-01-01,Form,Dosage,Manufacturer,821
802,Medicine 802,Description,SideEffects,2025-01-01,Form,Dosage,Manufacturer,822
803,Medicine 803,Description,SideEffects,2025-01-01,Form,Dosage,Manufacturer,823
804,Medicine 804,Description,SideEffects,2025-01-01,Form,Dosage,Manufacturer,824
805,Medicine 805,Description,SideEffects,2025-01-01,Form,Dosage,Manufacturer,825
806,Medicine 806,Description,SideEffects,2025-01-01,Form,Dosage,Manufacturer,826
807,Medicine 807,Description,SideEffects,2025-01-01,Form,Dosage,Manufacturer,827
808,Medicine 808,Description,SideEffects,2025-01-01,Form,Dosage,Manufacturer,828
809,Medicine 809,Description,SideEffects,2025-01-01,Form,Dosage,Manufacturer,829
810,Medicine 810,Description,SideEffects,2025-01-01,Form,Dosage,Manufacturer,830
811,Medicine 811,Description,SideEffects,2025-01-01,Form,Dosage,Manufacturer,831
812,Medicine 812,Description,SideEffects,2025-01-01,Form,Dosage,Manufacturer,832
813,Medicine 813,Description,SideEffects,2025-01-01,Form,Dosage,Manufacturer,833
814,Medicine 814,Description,SideEffects,2025-01-01,Form,Dosage,Manufacturer,834
815,Medicine 815,Description,SideEffects,2025-01-01,Form,Dosage,Manufacturer,835
816,Medicine 816,Description,SideEffects,2025-01-01,Form,Dosage,Manufacturer,836
817,Medicine 817,Description,SideEffects,2025-01-01,Form,Dosage,Manufacturer,837
818,Medicine 818,Description,SideEffects,2025-01-01,Form,Dosage,Manufacturer,838
819,Medicine 819,Description,SideEffects,2025-01-01,Form,Dosage,Manufacturer,839
820,Medicine 820,Description,SideEffects,2025-01-01,Form,Dosage,Manufacturer,840
821,Medicine 821,Description,SideEffects,2025-01-01,Form,Dosage,Manufacturer,841
822,Medicine 822,Description,SideEffects,2025-01-01,Form,Dosage,Manufacturer,842
823,Medicine 823,Description,SideEffects,2025-01-01,Form,Dosage,Manufacturer,843
824,Medicine 824,Description,SideEffects,2025-01-01,Form,Dosage,Manufacturer,844
825,Medicine 825,Description,SideEffects,2025-01-01,Form,Dosage,Manufacturer,845
826,Medicine 826,Description,SideEffects,2025-01-01,Form,Dosage,Manufacturer,846
827,Medicine 827,Description,SideEffects,2025-01-01,Form,Dosage,Manufacturer,847
828,Medicine 828,Description,SideEffects,2025-01-01,Form,Dosage,Manufacturer,848
829,Medicine 829,Description,SideEffects,2025-01-01,Form,Dosage,Manufacturer,849
830,Medicine 830,Description,SideEffects,2025-01-01,Form,Dosage,Manufacturer,850
831,Medicine 831,Description,SideEffects,2025-01-01,Form,Dosage,Manufacturer,851
832,Medicine 832,Description,SideEffects,2025-01-01,Form,Dosage,Manufacturer,852
833,Medicine 833,Description,SideEffects,2025-01-01,Form,Dosage,Manufacturer,853
834,Medicine 834,Description,SideEffects,2025-01-01,Form,Dosage,Manufacturer,854
835,Medicine 835,Description,SideEffects,2025-01-01,Form,Dosage,Manufacturer,855
836,Medicine 836,Description,SideEffects,2025-01-01,Form,Dosage,Manufacturer,856
837,Medicine 837,Description,SideEffects,2025-01-01,Form,Dosage,Manufacturer,857
838,Medicine 838,Description,SideEffects,2025-01-01,Form,Dosage,Manufacturer,858
839,Medicine 839,Description,SideEffects,2025-01-01,Form,Dosage,Manufacturer,859
840,Medicine 840,Description,SideEffects,2025-01-01,Form,Dosage,Manufacturer,860
841,Medicine 841,Description,SideEffects,2025-01-01,Form,Dosage,Manufacturer,861
842,Medicine 842,Description,SideEffects,2025-01-01,Form,Dosage,Manufacturer,862
843,Medicine 843,Description,SideEffects,2025-01-01,Form,Dosage,Manufacturer,863
844,Medicine 844,Description,SideEffects,2025-01-01,Form,Dosage,Manufacturer,864
845,Medicine 845,Description,SideEffects,2025-01-01,Form,Dosage,Manufacturer,865
846,Medicine 846,Description,SideEffects,2025-01-01,Form,Dosage,Manufacturer,866
847,Medicine 847,Description,SideEffects,2025-01-01,Form,Dosage,Manufacturer,867
848,Medicine 848,Description,SideEffects,2025-01-01,Form,Dosage,Manufacturer,868
849,Medicine 849,Description,SideEffects,2025-01-01,Form,Dosage,Manufacturer,869
850,Medicine 850,Description,SideEffects,2025-01-01,Form,Dosage,Manufacturer,870
851,Medicine 851,Description,SideEffects,2025-01-01,Form,Dosage,Manufacturer,871
852,Medicine 852,Description,SideEffects,2025-01-01,Form,Dosage,Manufacturer,872
853,Medicine 853,Description,SideEffects,2025-01-01,Form,Dosage,Manufacturer,873
854,Medicine 854,Description,SideEffects,2025-01-01,Form,Dosage,Manufacturer,874
855,Medicine 855,Description,SideEffects,2025-01-01,Form,Dosage,Manufacturer,875
856,Medicine 856,Description,SideEffects,2025-01-01,Form,Dosage,Manufacturer,876
857,Medicine 857,Description,SideEffects,2025-01-01,Form,Dosage,Manufacturer,877
858,Medicine 858,Description,SideEffects,2025-01-01,Form,Dosage,Manufacturer,878
859,Medicine 859,Description,SideEffects,2025-01-01,Form,Dosage,Manufacturer,879
860,Medicine 860,Description,SideEffects,2025-01-01,Form,Dosage,Manufacturer,880
861,Medicine 861,Description,SideEffects,2025-01-01,Form,Dosage,Manufacturer,881
862,Medicine 862,Description,SideEffects,2025-01-01,Form,Dosage,Manufacturer,882
863,Medicine 863,Description,SideEffects,2025-01-01,Form,Dosage,Manufacturer,883
864,Medicine 864,Description,SideEffects,2025-01-01,Form,Dosage,Manufacturer,884
865,Medicine 865,Description,SideEffects,2025-01-01,Form,Dosage,Manufacturer,885
866,Medicine 866,Description,SideEffects,2025-01-01,Form,Dosage,Manufacturer,886
867,Medicine 867,Description,SideEffects,2025-01-01,Form,Dosage,Manufacturer,887
868,Medicine 868,Description,SideEffects,2025-01-01,Form,Dosage,Manufacturer,888
869,Medicine 869,Description,SideEffects,2025-01-01,Form,Dosage,Manufacturer,889
870,Medicine 870,Description,SideEffects,2025-01-01,Form,Dosage,Manufacturer,890
871,Medicine 871,Description,SideEffects,2025-01-01,Form,Dosage,Manufacturer,891
872,Medicine 872,Description,SideEffects,2025-01-01,Form,Dosage,Manufacturer,892
873,Medicine 873,Description,SideEffects,2025-01-01,Form,Dosage,Manufacturer,893
874,Medicine 874,Description,SideEffects,2025-01-01,Form,Dosage,Manufacturer,894
875,Medicine 875,Description,SideEffects,2025-01-01,Form,Dosage,Manufacturer,895
876,Medicine 876,Description,SideEffects,2025-01-01,Form,Dosage,Manufacturer,896
877,Medicine 877,Description,SideEffects,2025-01-01,Form,Dosage,Manufacturer,897
878,Medicine 878,Description,SideEffects,2025-01-01,Form,Dosage,Manufacturer,898
879,Medicine 879,Description,SideEffects,2025-01-01,Form,Dosage,Manufacturer,899
880,Medicine 880,Description,SideEffects,2025-01-01,Form,Dosage,Manufacturer,900
881,Medicine 881,Description,SideEffects,2025-01-01,Form,Dosage,Manufacturer,901
882,Medicine 882,Description,SideEffects,2025-01-01,Form,Dosage,Manufacturer,902
883,Medicine 883,Description,SideEffects,2025-01-01,Form,Dosage,Manufacturer,903
884,Medicine 884,Description,SideEffects,2025-01-01,Form,Dosage,Manufacturer,904
885,Medicine 885,Description,SideEffects,2025-01-01,Form,Dosage,Manufacturer,905
886,Medicine 886,Description,SideEffects,2025-01-01,Form,Dosage,Manufacturer,906
887,Medicine 887,Description,SideEffects,2025-01-01,Form,Dosage,Manufacturer,907
888,Medicine 888,Description,SideEffects,2025-01-01,Form,Dosage,Manufacturer,908
889,Medicine 889,Description,SideEffects,2025-01-01,Form,Dosage,Manufacturer,909
890,Medicine 890,Description,SideEffects,2025-01-01,Form,Dosage,Manufacturer,910
891,Medicine 891,Description,SideEffects,2025-01-01,Form,Dosage,Manufacturer,911
892,Medicine 892,Description,SideEffects,2025-01-01,Form,Dosage,Manufacturer,912
893,Medicine 893,Description,SideEffects,2025-01-01,Form,Dosage,Manufacturer,913
894,Medicine 894,Description,SideEffects,2025-01-01,Form,Dosage,Manufacturer,914
895,Medicine 895,Description,SideEffects,2025-01-01,Form,Dosage,Manufacturer,915
896,Medicine 896,Description,SideEffects,2025-01-01,Form,Dosage,Manufacturer,916
897,Medicine 897,Description,SideEffects,2025-01-01,Form,Dosage,Manufacturer,917
898,Medicine 898,Description,SideEffects,2025-01-01,Form,Dosage,Manufacturer,918
899,Medicine 899,Description,SideEffects,2025-01-01,Form,Dosage,Manufacturer,919
900,Medicine 900,Description,SideEffects,2025-01-01,Form,Dosage,Manufacturer,920
901,Medicine 901,Description,SideEffects,2025-01-01,Form,Dosage,Manufacturer,921
902,Medicine 902,Description,SideEffects,2025-01-01,Form,Dosage,Manufacturer,922
903,Medicine 903,Description,SideEffects,2025-01-01,Form,Dosage,Manufacturer,923
904,Medicine 904,Description,SideEffects,2025-01-01,Form,Dosage,Manufacturer,924
905,Medicine 905,Description,SideEffects,2025-01-01,Form,Dosage,Manufacturer,925
906,Medicine 906,Description,SideEffects,2025-01-01,Form,Dosage,Manufacturer,926
907,Medicine 907,Description,SideEffects,2025-01-01,Form,Dosage,Manufacturer,927
908,Medicine 908,Description,SideEffects,2025-01-01,Form,Dosage,Manufacturer,928
909,Medicine 909,Description,SideEffects,2025-01-01,Form,Dosage,Manufacturer,929
910,Medicine 910,Description,SideEffects,2025-01-01,Form,Dosage,Manufacturer,930
911,Medicine 911,Description,SideEffects,2025-01-01,Form,Dosage,Manufacturer,931
912,Medicine 912,Description,SideEffects,2025-01-01,Form,Dosage,Manufacturer,932
913,Medicine 913,Description,SideEffects,2025-01-01,Form,Dosage,Manufacturer,933
914,Medicine 914,Description,SideEffects,2025-01-01,Form,Dosage,Manufacturer,934
915,Medicine 915,Description,SideEffects,2025-01-01,Form,Dosage,Manufacturer,935
916,Medicine 916,Description,SideEffects,2025-01-01,Form,Dosage,Manufacturer,936
917,Medicine 917,Description,SideEffects,2025-01-01,Form,Dosage,Manufacturer,937
918,Medicine 918,Description,SideEffects,2025-01-01,Form,Dosage,Manufacturer,938
919,Medicine 919,Description,SideEffects,2025-01-01,Form,Dosage,Manufacturer,939
920,Medicine 920,Description,SideEffects,2025-01-01,Form,Dosage,Manufacturer,940
921,Medicine 921,Description,SideEffects,2025-01-01,Form,Dosage,Manufacturer,941
922,Medicine 922,Description,SideEffects,2025-01-01,Form,Dosage,Manufacturer,942
923,Medicine 923,Description,SideEffects,2025-01-01,Form,Dosage,Manufacturer,943
924,Medicine 924,Description,SideEffects,2025-01-01,Form,Dosage,Manufacturer,944
925,Medicine 925,Description,SideEffects,2025-01-01,Form,Dosage,Manufacturer,945
926,Medicine 926,Description,SideEffects,2025-01-01,Form,Dosage,Manufacturer,946
927,Medicine 927,Description,SideEffects,2025-01-01,Form,Dosage,Manufacturer,947
928,Medicine 928,Description,SideEffects,2025-01-01,Form,Dosage,Manufacturer,948
929,Medicine 929,Description,SideEffects,2025-01-01,Form,Dosage,Manufacturer,949
930,Medicine 930,Description,SideEffects,2025-01-01,Form,Dosage,Manufacturer,950
931,Medicine 931,Description,SideEffects,2025-01-01,Form,Dosage,Manufacturer,951
932,Medicine 932,Description,SideEffects,2025-01-01,Form,Dosage,Manufacturer,952
933,Medicine 933,Description,SideEffects,2025-01-01,Form,Dosage,Manufacturer,953
934,Medicine 934,Description,SideEffects,2025-01-01,Form,Dosage,Manufacturer,954
935,Medicine 935,Description,SideEffects,2025-01-01,Form,Dosage,Manufacturer,955
936,Medicine 936,Description,SideEffects,2025-01-01,Form,Dosage,Manufacturer,956
937,Medicine 937,Description,SideEffects,2025-01-01,Form,Dosage,Manufacturer,957
938,Medicine 938,Description,SideEffects,2025-01-01,Form,Dosage,Manufacturer,958
939,Medicine 939,Description,SideEffects,2025-01-01,Form,Dosage,Manufacturer,959
940,Medicine 940,Description,SideEffects,2025-01-01,Form,Dosage,Manufacturer,960
941,Medicine 941,Description,SideEffects,2025-01-01,Form,Dosage,Manufacturer,961
942,Medicine 942,Description,SideEffects,2025-01-01,Form,Dosage,Manufacturer,962
943,Medicine 943,Description,SideEffects,2025-01-01,Form,Dosage,Manufacturer,963
944,Medicine 944,Description,SideEffects,2025-01-01,Form,Dosage,Manufacturer,964
945,Medicine 945,Description,SideEffects,2025-01-01,Form,Dosage,Manufacturer,965
946,Medicine 946,Description,SideEffects,2025-01-01,Form,Dosage,Manufacturer,966
947,Medicine 947,Description,SideEffects,2025-01-01,Form,Dosage,Manufacturer,967
948,Medicine 948,Description,SideEffects,2025-01-01,Form,Dosage,Manufacturer,968
949,Medicine 949,Description,SideEffects,2025-01-01,Form,Dosage,Manufacturer,969
950,Medicine 950,Description,SideEffects,2025-01-01,Form,Dosage,Manufacturer,970
951,Medicine 951,Description,SideEffects,2025-01-01,Form,Dosage,Manufacturer,971
952,Medicine 952,Description,SideEffects,2025-01-01,Form,Dosage,Manufacturer,972
953,Medicine 953,Description,SideEffects,2025-01-01,Form,Dosage,Manufacturer,973
954,Medicine 954,Description,SideEffects,2025-01-01,Form,Dosage,Manufacturer,974
955,Medicine 955,Description,SideEffects,2025-01-01,Form,Dosage,Manufacturer,975
956,Medicine 956,Description,SideEffects,2025-01-01,Form,Dosage,Manufacturer,976
957,Medicine 957,Description,SideEffects,2025-01-01,Form,Dosage,Manufacturer,977
958,Medicine 958,Description,SideEffects,2025-01-01,Form,Dosage,Manufacturer,978
959,Medicine 959,Description,SideEffects,2025-01-01,Form,Dosage,Manufacturer,979
960,Medicine 960,Description,SideEffects,2025-01-01,Form,Dosage,Manufacturer,980
961,Medicine 961,Description,SideEffects,2025-01-01,Form,Dosage,Manufacturer,981
962,Medicine 962,Description,SideEffects,2025-01-01,Form,Dosage,Manufacturer,982
963,Medicine 963,Description,SideEffects,2025-01-01,Form,Dosage,Manufacturer,983
964,Medicine 964,Description,SideEffects,2025-01-01,Form,Dosage,Manufacturer,984
965,Medicine 965,Description,SideEffects,2025-01-01,Form,Dosage,Manufacturer,985
966,Medicine 966,Description,SideEffects,2025-01-01,Form,Dosage,Manufacturer,986
967,Medicine 967,Description,SideEffects,2025-01-01,Form,Dosage,Manufacturer,987
968,Medicine 968,Description,SideEffects,2025-01-01,Form,Dosage,Manufacturer,988
969,Medicine 969,Description,SideEffects,2025-01-01,Form,Dosage,Manufacturer,989
970,Medicine 970,Description,SideEffects,2025-01-01,Form,Dosage,Manufacturer,990
971,Medicine 971,Description,SideEffects,2025-01-01,Form,Dosage,Manufacturer,991
972,Medicine 972,Description,SideEffects,2025-01-01,Form,Dosage,Manufacturer,992
973,Medicine 973,Description,SideEffects,2025-01-01,Form,Dosage,Manufacturer,993
974,Medicine 974,Description,SideEffects,2025-01-01,Form,Dosage,Manufacturer,994
975,Medicine 975,Description,SideEffects,2025-01-01,Form,Dosage,Manufacturer,995
976,Medicine 976,Description,SideEffects,2025-01-01,Form,Dosage,Manufacturer,996
977,Medicine 977,Description,SideEffects,2025-01-01,Form,Dosage,Manufacturer,997
978,Medicine 978,Description,SideEffects,2025-01-01,Form,Dosage,Manufacturer,998
979,Medicine 979,Description,SideEffects,2025-01-01,Form,Dosage,Manufacturer,999
980,Medicine 980,Description,SideEffects,2025-01-01,Form,Dosage,Manufacturer,1000
981,Medicine 981,Description,SideEffects,2025-01-01,Form,Dosage,Manufacturer,1001
982,Medicine 982,Description,SideEffects,2025-01-01,Form,Dosage,Manufacturer,1002
983,Medicine 983,Description,SideEffects,2025-01-01,Form,Dosage,Manufacturer,1003
984,Medicine 984,Description,SideEffects,2025-01-01,Form,Dosage,Manufacturer,1004
985,Medicine 985,Description,SideEffects,2025-01-01,Form,Dosage,Manufacturer,1005
986,Medicine 986,Description,SideEffects,2025-01-01,Form,Dosage,Manufacturer,1006
987,Medicine 987,Description,SideEffects,2025-01-01,Form,Dosage,Manufacturer,1007
988,Medicine 988,Description,SideEffects,2025-01-01,Form,Dosage,Manufacturer,1008
989,Medicine 989,Description,SideEffects,2025-01-01,Form,Dosage,Manufacturer,1009
990,Medicine 990,Description,SideEffects,2025-01-01,Form,Dosage,Manufacturer,1010
991,Medicine 991,Description,SideEffects,2025-01-01,Form,Dosage,Manufacturer,1011
992,Medicine 992,Description,SideEffects,2025-01-01,Form,Dosage,Manufacturer,1012
993,Medicine 993,Description,SideEffects,2025-01-01,Form,Dosage,Manufacturer,1013
994,Medicine 994,Description,SideEffects,2025-01-01,Form,Dosage,Manufacturer,1014
995,Medicine 995,Description,SideEffects,2025-01-01,Form,Dosage,Manufacturer,1015
996,Medicine 996,Description,SideEffects,2025-01-01,Form,Dosage,Manufacturer,1016
997,Medicine 997,Description,SideEffects,2025-01-01,Form,Dosage,Manufacturer,1017
998,Medicine 998,Description,SideEffects,2025-01-01,Form,Dosage,Manufacturer,1018
999,Medicine 999,Description,SideEffects,2025-01-01,Form,Dosage,Manufacturer,1019
1000,Medicine 1000,Description,SideEffects,2025-01-01,Form,Dosage,Manufacturer,1020
