PharmacyId,StoreNName,StreetAddress,City,State,Zipcode,Phone,LeadPharmacist,Email
1,Store 1,Street Address,City,State,Zipcode,123-456-0001,Pharmacist 1,pharmaemail1@example.com
2,Store 2,Street Address,City,State,Zipcode,123-456-0002,Pharmacist 2,pharmaemail2@example.com
3,Store 3,Street Address,City,State,Zipcode,123-456-0003,Pharmacist 3,pharmaemail3@example.com
4,Store 4,Street Address,City,State,Zipcode,123-456-0004,Pharmacist 4,pharmaemail4@example.com
5,Store 5,Street Address,City,State,Zipcode,123-456-0005,Pharmacist 5,pharmaemail5@example.com
6,Store 6,Street Address,City,State,Zipcode,123-456-0006,Pharmacist 6,pharmaemail6@example.com
7,Store 7,Street Address,City,State,Zipcode,123-456-0007,Pharmacist 7,pharmaemail7@example.com
8,Store 8,Street Address,City,State,Zipcode,123-456-0008,Pharmacist 8,pharmaemail8@example.com
9,Store 9,Street Address,City,State,Zipcode,123-456-0009,Pharmacist 9,pharmaemail9@example.com
10,Store 10,Street Address,City,State,Zipcode,123-456-0010,Pharmacist 10,pharmaemail10@example.com
11,Store 11,Street Address,City,State,Zipcode,123-456-0011,Pharmacist 11,pharmaemail11@example.com
12,Store 12,Street Address,City,State,Zipcode,123-456-0012,Pharmacist 12,pharmaemail12@example.com
13,Store 13,Street Address,City,State,Zipcode,123-456-0013,Pharmacist 13,pharmaemail13@example.com
14,Store 14,Street Address,City,State,Zipcode,123-456-0014,Pharmacist 14,pharmaemail14@example.com
15,Store 15,Street Address,City,State,Zipcode,123-456-0015,Pharmacist 15,pharmaemail15@example.com
16,Store 16,Street Address,City,State,Zipcode,123-456-0016,Pharmacist 16,pharmaemail16@example.com
17,Store 17,Street Address,City,State,Zipcode,123-456-0017,Pharmacist 17,pharmaemail17@example.com
18,Store 18,Street Address,City,State,Zipcode,123-456-0018,Pharmacist 18,pharmaemail18@example.com
19,Store 19,Street Address,City,State,Zipcode,123-456-0019,Pharmacist 19,pharmaemail19@example.com
20,Store 20,Street Address,City,State,Zipcode,123-456-0020,Pharmacist 20,pharmaemail20@example.com
21,Store 21,Street Address,City,State,Zipcode,123-456-0021,Pharmacist 21,pharmaemail21@example.com
22,Store 22,Street Address,City,State,Zipcode,123-456-0022,Pharmacist 22,pharmaemail22@example.com
23,Store 23,Street Address,City,State,Zipcode,123-456-0023,Pharmacist 23,pharmaemail23@example.com
24,Store 24,Street Address,City,State,Zipcode,123-456-0024,Pharmacist 24,pharmaemail24@example.com
25,Store 25,Street Address,City,State,Zipcode,123-456-0025,Pharmacist 25,pharmaemail25@example.com
26,Store 26,Street Address,City,State,Zipcode,123-456-0026,Pharmacist 26,pharmaemail26@example.com
27,Store 27,Street Address,City,State,Zipcode,123-456-0027,Pharmacist 27,pharmaemail27@example.com
28,Store 28,Street Address,City,State,Zipcode,123-456-0028,Pharmacist 28,pharmaemail28@example.com
29,Store 29,Street Address,City,State,Zipcode,123-456-0029,Pharmacist 29,pharmaemail29@example.com
30,Store 30,Street Address,City,State,Zipcode,123-456-0030,Pharmacist 30,pharmaemail30@example.com
31,Store 31,Street Address,City,State,Zipcode,123-456-0031,Pharmacist 31,pharmaemail31@example.com
32,Store 32,Street Address,City,State,Zipcode,123-456-0032,Pharmacist 32,pharmaemail32@example.com
33,Store 33,Street Address,City,State,Zipcode,123-456-0033,Pharmacist 33,pharmaemail33@example.com
34,Store 34,Street Address,City,State,Zipcode,123-456-0034,Pharmacist 34,pharmaemail34@example.com
35,Store 35,Street Address,City,State,Zipcode,123-456-0035,Pharmacist 35,pharmaemail35@example.com
36,Store 36,Street Address,City,State,Zipcode,123-456-0036,Pharmacist 36,pharmaemail36@example.com
37,Store 37,Street Address,City,State,Zipcode,123-456-0037,Pharmacist 37,pharmaemail37@example.com
38,Store 38,Street Address,City,State,Zipcode,123-456-0038,Pharmacist 38,pharmaemail38@example.com
39,Store 39,Street Address,City,State,Zipcode,123-456-0039,Pharmacist 39,pharmaemail39@example.com
40,Store 40,Street Address,City,State,Zipcode,123-456-0040,Pharmacist 40,pharmaemail40@example.com
41,Store 41,Street Address,City,State,Zipcode,123-456-0041,Pharmacist 41,pharmaemail41@example.com
42,Store 42,Street Address,City,State,Zipcode,123-456-0042,Pharmacist 42,pharmaemail42@example.com
43,Store 43,Street Address,City,State,Zipcode,123-456-0043,Pharmacist 43,pharmaemail43@example.com
44,Store 44,Street Address,City,State,Zipcode,123-456-0044,Pharmacist 44,pharmaemail44@example.com
45,Store 45,Street Address,City,State,Zipcode,123-456-0045,Pharmacist 45,pharmaemail45@example.com
46,Store 46,Street Address,City,State,Zipcode,123-456-0046,Pharmacist 46,pharmaemail46@example.com
47,Store 47,Street Address,City,State,Zipcode,123-456-0047,Pharmacist 47,pharmaemail47@example.com
48,Store 48,Street Address,City,State,Zipcode,123-456-0048,Pharmacist 48,pharmaemail48@example.com
49,Store 49,Street Address,City,State,Zipcode,123-456-0049,Pharmacist 49,pharmaemail49@example.com
50,Store 50,Street Address,City,State,Zipcode,123-456-0050,Pharmacist 50,pharmaemail50@example.com
