SupervisorId,FirstName,LastName,Gender,BirthDate,Email,Phone,StreetAdress,City,State
1,SupervisorFirst1,SupervisorLast1,F,1974-06-27,supervisor1@example.com,987-654-0001,Supervisor Street Address,Supervisor City,Supervisor State
2,SupervisorFirst2,SupervisorLast2,M,1974-06-27,supervisor2@example.com,987-654-0002,Supervisor Street Address,Supervisor City,Supervisor State
3,SupervisorFirst3,SupervisorLast3,F,1974-06-27,supervisor3@example.com,987-654-0003,Supervisor Street Address,Supervisor City,Supervisor State
4,SupervisorFirst4,SupervisorLast4,M,1974-06-27,supervisor4@example.com,987-654-0004,Supervisor Street Address,Supervisor City,Supervisor State
5,SupervisorFirst5,SupervisorLast5,F,1974-06-27,supervisor5@example.com,987-654-0005,Supervisor Street Address,Supervisor City,Supervisor State
6,SupervisorFirst6,SupervisorLast6,M,1974-06-27,supervisor6@example.com,987-654-0006,Supervisor Street Address,Supervisor City,Supervisor State
7,SupervisorFirst7,SupervisorLast7,F,1974-06-27,supervisor7@example.com,987-654-0007,Supervisor Street Address,Supervisor City,Supervisor State
8,SupervisorFirst8,SupervisorLast8,M,1974-06-27,supervisor8@example.com,987-654-0008,Supervisor Street Address,Supervisor City,Supervisor State
9,SupervisorFirst9,SupervisorLast9,F,1974-06-27,supervisor9@example.com,987-654-0009,Supervisor Street Address,Supervisor City,Supervisor State
10,SupervisorFirst10,SupervisorLast10,M,1974-06-27,supervisor10@example.com,987-654-0010,Supervisor Street Address,Supervisor City,Supervisor State
